Código;Región;Nombre Estructura;"Tipo de Sitio
Pliego Técnico";Latitud;Longitud;Tipo Estructura ;Tipo Construcción;Provincia;Ciudad;CENTRO DE MANTENIMIENTO;ESTADO
N170001;Norte;10_DE_AGOSTO_ALES;9F;-0,147233333;-78,48341944;Mástiles;Terraza;Pichincha;QUITO;PICHINCHA;OPERATIVO
S130001;Sur;10_DE_AGOSTO_MANABI;9A;-0,138908333;-80,07307222;Torre Autosoportada;Terreno;Manabí;10 DE AGOSTO;GCHONE;OPERATIVO
N170002;Norte;12_DE_OCTUBRE;9F;-0,204141667;-78,48555833;Mástiles;Terraza;Pichincha;QUITO;PICHINCHA;OPERATIVO
N170805;Norte;18_DE_SEPTIEMBRE;9F;-0,204169444;-78,50339167;Mástiles;Terraza;Pichincha;QUITO;PICHINCHA;OPERATIVO
N170003;Norte;23_DE_JUNIO;9F;-0,112794444;-78,49864167;Mástiles;Terraza;Pichincha;QUITO;PICHINCHA;OPERATIVO
N170004;Norte;23_DE_MAYO;9F;-0,286641667;-78,56205833;Mástiles;Terraza;Pichincha;QUITO;PICHINCHA;OPERATIVO
N170005;Norte;24_DE_MAYO;8F;-0,221394444;-78,51616944;Mástiles;Terraza;Pichincha;QUITO;PICHINCHA;OPERATIVO
S130183;Sur;24_DE_MAYO_MANTA;9F;-0,959083333;-80,74613889;Soportes;Terraza;Manabí;MANTA;GMANTA;OPERATIVO
N230001;Norte;26_DE_OCTUBRE;9C;-0,267238889;-79,18308611;Monopolo;Terreno;Santo Domingo;SANTO DOMINGO DE LOS COLORADOS;GSTD;OPERATIVO
N170006;Norte;29_DE_SEPTIEMBRE;9C;0,042525;-79,36055833;Torre Autosoportada;Terreno;Pichincha;PUERTO QUITO;GSTD;OPERATIVO
S130002;Sur;ABDON_CALDERON;9A;-1,0216;-80,3649;Torre Autosoportada;Terreno;Manabí;Abdón Calderón;GPORTOV;OPERATIVO
S090083;Sur;ABEL_GILBERT;9C;-2,186408333;-79,85230833;Monopolo;Terreno;Guayas;Durán;GUAYAS;OPERATIVO
S090601;Sur;ABEL_GILBERT_NORTE;9C;-2,181472222;-79,85141667;Monopolo;Terreno;Guayas;Guayaquil;GUAYAS;OPERATIVO
S090084;Sur;ACACIAS;8F;-2,221391667;-79,90278056;Torre Autosoportada;Terreno;Guayas;GUAYAQUIL;GUAYAS;OPERATIVO
S090001;Sur;ACHIOTE;9C;-1,222311111;-79,75876667;Torre Autosoportada;Terreno;Guayas;BALZAR;GBABAHOYO;OPERATIVO
S060001;Sur;ACHUPALLAS;9C;-2,261058333;-78,77584722;Torre Autosoportada;Terreno;Chimborazo;GUASUNTOS;CUENCA;OPERATIVO
S0100204;Sur;AEROCUENCA;9C;-2,88717;-78,985;;;Azuay;CUENCA;CUENCA;OPERATIVO
N170962;Norte;AEROPUERTO_OUTDOOR_UIO;9C;-0,136738889;-78,35888889;Torre;Terreno;Pichincha;QUITO;PICHINCHA;OPERATIVO
N2000013;Norte;AEROPUERTO_SEYMOUR;8M;-0,446111;-90,2697;;;Galápagos;SANTA ROSA;GALÁPAGOS (SANTA CRUZ);OPERATIVO
N1701133;Norte;AFNA_UIO;9F;-0,209583333;-78,48855556;Soportes;Terraza;Pichincha;QUITO;PICHINCHA;OPERATIVO
N170008;Norte;AGIP_GAS;9C;-0,313936111;-78,37180833;Torre Autosoportada;Terreno;Pichincha;QUITO;PICHINCHA;OPERATIVO
N180001;Norte;AGOYAN;9A;-1,398669444;-78,34755833;Torre Autosoportada;Terreno;Tungurahua;ULBA;GRBA;OPERATIVO
S090085;Sur;AGUAS;9B;-2,161669444;-79,91778056;Torre Autosoportada;Terreno;Guayas;GUAYAQUIL;GUAYAS;OPERATIVO
S090002;Sur;AGUAS_CALIENTES;9A;-2,613169444;-79,47164167;Torre Autosoportada;Terreno;Guayas;JESUS MARIA;GUAYAS;OPERATIVO
S0900716;Sur;AGUSTIN_FREIRE;9C;-2,147722222;-79,90130556;Monopolo;Terreno;Guayas;GUAYAQUIL;GUAYAS;OPERATIVO
N170009;Norte;AJAVI;9C;-0,264733333;-78,53639167;Torreta;Terraza;Pichincha;QUITO;PICHINCHA;OPERATIVO
N170013;Norte;ALAMEDA;8F;-0,214725;-78,505;Mástiles;Terraza;Pichincha;QUITO;PICHINCHA;OPERATIVO
S110001;Sur;ALAMOR;9C;-4,009722222;-80,01944722;Torre Autosoportada;Terreno;Loja;ALAMOR;GLOJA;OPERATIVO
N170806;Norte;ALANGASI;9C;-0,310388889;-78,41069444;Torre Autosoportada;Terreno;Pichincha;QUITO;PICHINCHA;OPERATIVO
S060002;Sur;ALAUSI;8F;-2,208841667;-78,88073333;Torre Autosoportada;Terreno;Chimborazo;SIBAMBE;CUENCA;OPERATIVO
S060056;Sur;ALAUSI_TELCONET;10E;-2,2028306;-78,84552;;;Chimborazo;Alausi;CUENCA;OPERATIVO
S090086;Sur;ALBOCENTRO;9B;-2,136111111;-79,90028056;Mástiles;Terraza;Guayas;GUAYAQUIL;GUAYAS;OPERATIVO
S090087;Sur;ALBORADA;8C;-2,138891667;-79,90944444;Torre Autosoportada;Terreno;Guayas;GUAYAQUIL;GUAYAS;OPERATIVO
S0900717;Sur;ALBORADA_11VA_ETAPA;9C;-2,13025;-79,89863889;Torre Tensada;Terreno;Guayas;GUAYAQUIL;GUAYAS;OPERATIVO
S0900718;Sur;ALBORADA_12VA_ETAPA;9C;-2,133694444;-79,90577778;Torreta;Terraza;Guayas;GUAYAQUIL;GUAYAS;OPERATIVO
S090644;Sur;ALBORADA_4TA_ETAPA;9F;-2,137555556;-79,89563889;Soportes;Terraza;Guayas;GUAYAQUIL;GUAYAS;OPERATIVO
S090088;Sur;ALBORADA_7MA_ETAPA;9C;-2,140669444;-79,90191944;Monopolo;Terreno;Guayas;GUAYAQUIL;GUAYAS;OPERATIVO
S010001;Sur;ALEJANDRO_SERRANO;9E;-2,906530556;-79,01353056;Torre Autosoportada;Terreno;Azuay;CUENCA;CUENCA;OPERATIVO
S2300001;Norte;ALIANZA_Y_PROGRESO;9C;-0,181861111;-79,09841667;Torre;Terreno;Santo Domingo;SANTO DOMINGO DE LOS COLORADOS;GSTD;OPERATIVO
N050001;Norte;ALLULLA;9A;-0,931972222;-78,61066667;Torre Autosoportada;Terreno;Cotopaxi;LATACUNGA;GAMB;OPERATIVO
N230002;Norte;ALLURIQUIN;9D;-0,313391667;-79,00502222;Torre Autosoportada;Terreno;Santo Domingo;ALLURIQUIN;GSTD;OPERATIVO
N170014;Norte;ALMAGRO;8K;-0,195391667;-78,48444444;Torreta y Mástiles;Terraza;Pichincha;QUITO;PICHINCHA;OPERATIVO
N170015;Norte;ALOAG;8C;-0,4375;-78,53667222;Torre Autosoportada;Terreno;Pichincha;TAMBILLO;PICHINCHA;OPERATIVO
N170016;Norte;ALOAG_CENTRO;9C;-0,470141667;-78,58806944;Torre Autosoportada;Terreno;Pichincha;ALOAG;PICHINCHA;OPERATIVO
N170017;Norte;ALONSO_DE_ANGULO;9F;-0,247236111;-78,52807222;Mástiles;Terraza;Pichincha;QUITO;PICHINCHA;OPERATIVO
S110002;Sur;ALPACHACA;9C;-3,553072222;-79,17889167;Torre Autosoportada;Terreno;Loja;EL TABLON;GLOJA;OPERATIVO
N1000047;Norte;ALPACHACA_IBARRA;9C;0,360556;-78,1242;;;Imbabura;IBARRA;GIBA;OPERATIVO
S010002;Sur;ALTIPLANO;9C;-2,892308333;-78,97002222;Monopolo;Terreno;Azuay;CUENCA;CUENCA;OPERATIVO
N170018;Norte;AMAGASI_DEL_INCA;9F;-0,145008333;-78,46041944;Mástiles;Terraza;Pichincha;QUITO;PICHINCHA;OPERATIVO
N170019;Norte;AMAGUANA;8F;-0,352252778;-78,50333611;Torre Autosoportada;Terreno;Pichincha;QUITO;PICHINCHA;OPERATIVO
N170020;Norte;AMAGUANA_CENTRO;9C;-0,379469444;-78,50091944;Torre Autosoportada;Terreno;Pichincha;QUITO;PICHINCHA;OPERATIVO
N180002;Norte;AMBATO;8F;-1,215630556;-78,60384444;Torre Autosoportada;Suelo;Tungurahua;Ambato;GAMB;OPERATIVO
S180086;Norte;AMBATO_ALBORADA;9C;-1,260027778;-78,63094444;Polos;Terraza;Tungurahua;AMBATO;GAMB;OPERATIVO
N180093;Norte;AMBATO_ATAHUALPA;9C;-1,21972;-78,6145;;;Tungurahua;Ambato;GAMB;OPERATIVO
N180094;Norte;AMBATO_AV_AMERICA;9C;;;;;;;GAMB;NUEVO
N180003;Norte;AMBATO_CC_ARTESANOS;9F;-1,242113889;-78,62501111;Soportes;Terraza;Tungurahua;AMBATO;GAMB;OPERATIVO
N180097;Norte;AMBATO_CDLA_ESPAÑA;9F;-1,256555556;-78,63908333;Soportes;Terraza;Tungurahua;AMBATO;GAMB;OPERATIVO
N180004;Norte;AMBATO_CENTRO;9A;-1,241894444;-78,62654444;Torreta;Terraza;Tungurahua;AMBATO;GAMB;OPERATIVO
N180005;Norte;AMBATO_CENTRO_2;9E;-1,240561111;-78,62585833;Torre Autosoportada;Terreno;Tungurahua;AMBATO;GAMB;OPERATIVO
N180006;Norte;AMBATO_CENTRO_OESTE;9C;-1,243975;-78,62946111;Torreta;Terraza;Tungurahua;AMBATO;GAMB;OPERATIVO
N180079;Norte;AMBATO_COLEGIO_BOLIVAR;9F;-1,25;-78,63330556;Soportes;Terraza;Tungurahua;AMBATO;GAMB;OPERATIVO
S240038;Norte;AMBATO_COLEGIO_GUZMAN;9F;-1,244611111;-78,63888889;Soportes;Terraza;Tungurahua;AMBATO;GAMB;OPERATIVO
N180098;Norte;AMBATO_ECU_911;9C;-1,257527778;-78,59913889;Monopolo;Terreno;Tungurahua;AMBATO;GRBA;OPERATIVO
N180007;Norte;AMBATO_EL_BOSQUE;9C;-1,289744444;-78,63425278;Monopolo;Terreno;Tungurahua;AMBATO;GRBA;OPERATIVO
N180099;Norte;AMBATO_ESFORSE;9C;-1,205416667;-78,59438889;Monopolo;Terreno;Tungurahua;IZAMBA;GAMB;OPERATIVO
N180096;Norte;AMBATO_IZAMBA_HOSPITAL_SOLCA;9F;-1,22125;-78,58180556;Soportes;Terraza;Tungurahua;IZAMBA;GAMB;OPERATIVO
N180008;Norte;AMBATO_JUAN_BENIGNO;9C;-1,251683333;-78,62705833;Monopolo;Terreno;Tungurahua;AMBATO;GAMB;OPERATIVO
N180060;Norte;AMBATO_LA_FLORESTA;9F;-1,267972222;-78,63433333;Soportes;Terraza;Tungurahua;AMBATO;GAMB;OPERATIVO
N180078;Norte;AMBATO_LA_MERCED;9F;-1,234888889;-78,62116667;Soportes;Terraza;Tungurahua;AMBATO;GAMB;OPERATIVO
N180009;Norte;AMBATO_LETAMENDI;9C;-1,254447222;-78,61973611;Torreta;Terraza;Tungurahua;AMBATO;GAMB;OPERATIVO
N180010;Norte;AMBATO_NORTE;9A;-1,238358333;-78,61834722;Torreta;Terraza;Tungurahua;AMBATO;GAMB;OPERATIVO
N180011;Norte;AMBATO_NORTE_2;9E;-1,238583333;-78,61847222;Torre Autosoportada;Terreno;Tungurahua;AMBATO;GAMB;DESINSTALADO
N180012;Norte;AMBATO_OESTE;9E;-1,255588889;-78,63;Torre Autosoportada;Terreno;Tungurahua;AMBATO;GAMB;OPERATIVO
N180100;Norte;AMBATO_PARQUE_ATOCHA;9E;-1,229694444;-78,62011111;Monopolo;Terreno;Tungurahua;AMBATO;GAMB;OPERATIVO
N180013;Norte;AMBATO_PARQUE_INDUSTRIAL;9C;-1,189891667;-78,59675278;Monopolo;Terreno;Tungurahua;Ambato;GAMB;OPERATIVO
N180090;Norte;AMBATO_PARQUE_RODO;9C;-1,238891667;-78,63001944;Polos;Terraza;Tungurahua;AMBATO;GAMB;OPERATIVO
N180101;Norte;AMBATO_PENINSULA;9F;-1,243944444;-78,60527778;Soportes;Terraza;Tungurahua;AMBATO;GAMB;OPERATIVO
N180014;Norte;AMBATO_SUR;8F;-1,274561111;-78,62874444;Torre Autosoportada;Terreno;Tungurahua;AMBATO;GAMB;OPERATIVO
N180102;Norte;AMBATO_URBANIZACION_LA_VICTORIA;9C;-1,230694444;-78,60219444;Monopolo;Terreno;Tungurahua;AMBATO;GAMB;OPERATIVO
N170021;Norte;AMERICA;9F;-0,207030556;-78,50641944;Mástiles;Terraza;Pichincha;QUITO;PICHINCHA;OPERATIVO
S240001;Sur;ANCON;9C;-2,331958333;-80,85389722;Torre Autosoportada;Terreno;Santa Elena;SAN JOSE DE ANCON;GSTAELENA;OPERATIVO
N170022;Norte;ANDINANET;8K;-0,166669444;-78,48417222;Mástiles;Terraza;Pichincha;QUITO;PICHINCHA;OPERATIVO
N170023;Norte;ANETA;9C;-0,194175;-78,48668056;Monopolo;Terreno;Pichincha;QUITO;;DESINSTALADO
N050003;Sur;ANGAMARCA_N;9C;-1,121305556;-78,93677778;Torre Autosoportada;Terreno;Cotopaxi;ANGAMARCA;GQUEVEDO;OPERATIVO
N1701144;Norte;ANGEL_LUDENA_UIO;9F;-0,12625;-78,498;Soportes;Terraza;Pichincha;QUITO;PICHINCHA;OPERATIVO
S240002;Sur;ANIMAS;8F;-2,473394444;-80,46673889;Torre Autosoportada;Terreno;Santa Elena;CHANDUY;GSTAELENA;OPERATIVO
N170694;Norte;ANTENAS;10B;-0,2753;-79,0881;;;Santo Domingo;SANTO DOMINGO DE LOS COLORADOS;GSTD;OPERATIVO
N170807;Norte;ANTIGUA_VIA_CONOCOTO;9F;-0,290694444;-78,48905556;Soportes;Terraza;Pichincha;QUITO;PICHINCHA;OPERATIVO
S120001;Sur;ANTONIO_SOTOMAYOR;9C;-1,640019444;-79,80178056;Torre Autosoportada;Terreno;Los Ríos;Antonio Sotomayor;GBABAHOYO;OPERATIVO
N170024;Norte;ARASHA;9C;0,098808333;-79,11228056;Torre Autosoportada;Terreno;Pichincha;PEDRO VICENTE MALDONADO;GSTD;OPERATIVO
N150001;Norte;ARCHIDONA;9C;-0,875569444;-77,79089167;Torre Autosoportada;Terreno;Napo;ARCHIDONA;GTENA;OPERATIVO
S070001;Sur;ARENILLAS;9C;-3,557030556;-80,05641111;Torre Autosoportada;Terreno;El Oro;ARENILLAS;GELORO;OPERATIVO
N170010;Norte;ARGELIA;9C;-0,271113889;-78,52251944;Torreta;Terreno;Pichincha;QUITO;PICHINCHA;OPERATIVO
N170011;Norte;ARUPOS;8F;-0,146280556;-78,49416944;Mástiles;Terraza;Pichincha;QUITO;PICHINCHA;OPERATIVO
S090089;Sur;ASAD_BUCARAN;9C;-2,203633333;-79,92305833;Monopolo;Terreno;Guayas;GUAYAQUIL;GUAYAS;OPERATIVO
N170012;Norte;ASCAZUBI;8F;-0,197169444;-78,49613333;Torre Autosoportada;Terreno;Pichincha;QUITO;PICHINCHA;OPERATIVO
N170025;Norte;ASUNCION;9F;-0,206125;-78,50250833;Mástiles;Terraza;Pichincha;QUITO;PICHINCHA;OPERATIVO
N080001;Norte;ATACAMES;8F;0,862333333;-79,86988889;Torre Autosoportada;Terreno;Esmeraldas;Atacames;GESM;OPERATIVO
N080002;Norte;ATACAMES_CENTRO;9C;0,871183333;-79,84916944;Monopolo;Terreno;Esmeraldas;ATACAMES;GESM;OPERATIVO
N080067;Norte;ATACAMES_SUR;9F;0,868833333;-79,85491667;Soportes;Terraza;Esmeraldas;ATACAMES;GESM;OPERATIVO
N170695;Norte;ATACAZO;8C;-0,318322222;-78,60914444;;;Pichincha;QUITO;PICHINCHA;OPERATIVO
N170026;Norte;ATAHUALPA;8F;-0,177236111;-78,47724444;Mástiles;Terraza;Pichincha;QUITO;PICHINCHA;OPERATIVO
N1000048;Norte;ATAHUALPA_IBARRA;9C;0,324722;-78,1248;;;Imbabura;IBARRA;GIBA;OPERATIVO
S090090;Sur;ATARAZANA;9C;-2,176111111;-79,8825;Torreta;Terraza;Guayas;GUAYAQUIL;GUAYAS;OPERATIVO
S090646;Sur;ATARAZANA_ESTE;9C;-2,17225;-79,87816667;Monopolo;Terreno;Guayas;GUAYAQUIL;GUAYAS;OPERATIVO
N100001;Norte;ATUNTAQUI;9A;0,3103;-78,22131111;Torre Autosoportada;Terreno;Imbabura;SAN ROQUE;GIBA;OPERATIVO
N100026;Norte;ATUNTAQUI_CENTRO;9C;0,330333333;-78,21866667;Torreta;Terreno;Imbabura;ATUNTAQUI;GIBA;OPERATIVO
N1000051;Norte;ATUNTAQUI_NORTE;9C;0,335667;-78,2134;;;Imbabura;IBARRA;GIBA;OPERATIVO
S0900735;Sur;AUTOPISTA_SAUCES_4;9C;-2,12753;-79,8812;;;Guayas;GUAYAQUIL;GUAYAS;OPERATIVO
N170987;Norte;AV_AMAZONAS;9F;-0,20565;-78,49626944;Soportes;Terraza;Pichincha;QUITO;PICHINCHA;OPERATIVO
N170027;Norte;AV_ATAHUALPA;8K;-0,180833333;-78,49055833;Torre Autosoportada;Terreno;Pichincha;QUITO;PICHINCHA;OPERATIVO
S0900733;Sur;AV_BOMBERO_GYE;9F;-2,161777778;-79,92522222;Mástiles;Terraza;Guayas;GUAYAQUIL;GUAYAS;OPERATIVO
S0100206 ;Sur;AV_ESPANA_CUENCA;9E;;;;;AZUAY;CUENCA;CUENCA;NUEVO
N170028;Norte;AV_GUAYAQUIL;9F;-0,219197222;-78,50918333;Mástiles;Terraza;Pichincha;QUITO;PICHINCHA;OPERATIVO
S090091;Sur;AV_LAS_AMERICAS_GYE;9C;-2,170858333;-79,89307222;Monopolo;Terreno;Guayas;GUAYAQUIL;GUAYAS;OPERATIVO
N170029;Norte;AV_LIBERTADORES;9F;-0,235847222;-78,53057222;Mástiles;Terraza;Pichincha;QUITO;PICHINCHA;OPERATIVO
N1701234;Norte;AV_PORTUGAL;9F;-0,181461111;-78,48045;Soportes;Terraza;Pichincha;QUITO;PICHINCHA;OPERATIVO
N170030;Norte;AV_SAN_GABRIEL;9F;-0,187308333;-78,50057222;Mástiles;Terraza;Pichincha;QUITO;PICHINCHA;OPERATIVO
N170031;Norte;AV_SELVA_ALEGRE;SIN CLASIFICACION;-0,189733333;-78,50191944;Mástiles;Terraza;Pichincha;QUITO;PICHINCHA;OPERATIVO
N1702190;Norte;AV._PAMPITE_CUMBAYA;#N/D;;;;;;;PICHINCHA;NUEVO
S010166;Sur;AV_SOLANO_CUENCA;9F;-2,905563889;-79,006725;Soportes;Terraza;Azuay;CUENCA;CUENCA;OPERATIVO
S090522;Sur;AVENIDA_KENNEDY;9C;-2,177444444;-79,89941667;Torreta;Terreno;Guayas;GUAYAQUIL;GUAYAS;OPERATIVO
S130003;Sur;AYACUCHO;9B;-1,155;-80,28933333;Torre Autosoportada;Terreno;Manabí;AYACUCHO;GPORTOV;OPERATIVO
S130004;Sur;AYAMPE;9A;-1,619361111;-80,82397222;Torre Autosoportada;Terreno;Manabí;SALANGO;GMANTA;OPERATIVO
N1701474;Norte;AZKUNAGA;9C;-0,168278;-78,4939;;;Pichincha;QUITO;PICHINCHA;OPERATIVO
S030001;Sur;AZOGUES;8F;-2,763169444;-78,86614167;Torre Autosoportada;Terreno;Cañar;AZOGUES;CUENCA;OPERATIVO
S030002;Sur;AZOGUES_CENTRO;9C;-2,738669444;-78,84589167;Torreta;Terraza;Cañar;AZOGUES;CUENCA;OPERATIVO
S0300044;Sur;AZOGUES_TERMINAL;9C;-2,73578;-78,8479;;;Cañar;AZOGUES;CUENCA;OPERATIVO
S030004;Sur;AZOGUES_2;9C;-2,763166667;-78,86613889;Torre Autosoportada;Terreno;Cañar;AZOGUES;CUENCA;DESINSTALADO
S030035;Sur;AZOGUES_INGALOMA;9C;-2,761472222;-78,845;Monopolo;Terreno;Cañar;AZOGUES;CUENCA;OPERATIVO
S030003;Sur;AZOGUES_SUR;9C;-2,775419444;-78,84775278;Monopolo;Terreno;Cañar;AZOGUES;CUENCA;OPERATIVO
S120002;Sur;BABA;8F;-1,786730556;-79,67773611;Torre Autosoportada;Terreno;Los Ríos;BABA;GBABAHOYO;OPERATIVO
S120003;Sur;BABAHOYO;8C;-1,808113889;-79,54043333;Torre Autosoportada;Terreno;Los Ríos;BABAHOYO;GBABAHOYO;OPERATIVO
S1200064;Sur;BABAHOYO_SHOPPPING;9E;;;;;LOS RIOS;BABAHOYO;GBABAHOYO;NUEVO
S120004;Sur;BABAHOYO_CENTRO;9C;-1,800025;-79,53333333;Torre Autosoportada;Terreno;Los Ríos;BABAHOYO;GBABAHOYO;OPERATIVO
S120045;Sur;BABAHOYO_TELCONET;#N/D;-1,81106451;-79,54188586;;;Los Ríos;Babahoyo;GBABAHOYO;DESINSTALADO
N170032;Norte;BACA_ORTIZ;8K;-0,203058333;-78,48751944;Mástiles;Terraza;Pichincha;QUITO;PICHINCHA;DESINSTALADO
S130005;Sur;BAHIA;8F;-0,617236111;-80,43673611;Torre Autosoportada;Terreno;Manabí;BAHIA DE CARAQUEZ;GCHONE;OPERATIVO
S090092;Sur;BAHIA_GYE;9F;-2,199169444;-79,88166944;Mástiles;Terraza;Guayas;GUAYAQUIL;GUAYAS;OPERATIVO
S130006;Sur;BAHIA_CENTRO;9C;-0,605561111;-80,42605833;Monopolo;Terreno;Manabí;BAHIA DE CARAQUEZ;GCHONE;OPERATIVO
S070002;Sur;BAJO_ALTO;9C;-3,115558333;-79,86650278;Torre Autosoportada;Terreno;El Oro;Bajo Alto;GELORO;OPERATIVO
N170033;Norte;BAKER;9F;-0,139458333;-78,48389167;Mástiles;Terraza;Pichincha;QUITO;PICHINCHA;OPERATIVO
S070003;Sur;BALAO;8C;-2,766175;-79,66588056;Torre Autosoportada;Terreno;Guayas;NARANJAL;GUAYAS;OPERATIVO
N170034;Norte;BALCON_DEL_VALLE;9E;-0,247244444;-78,48139444;Torre Autosoportada;Terreno;Pichincha;QUITO;PICHINCHA;DESINSTALADO
S090005;Sur;BALERIO_ESTACIO;9C;-2,117780556;-79,96683611;Monopolo;Terreno;Guayas;GUAYAQUIL;GUAYAS;OPERATIVO
N070071;Sur;BALSAS;9C;-3,753566667;-79,8278;Torre Autosoportada;Terreno;El Oro;BALSAS;GELORO;OPERATIVO
STEMP018;Sur;BALSAS_TELCONET;10E;;;;;El Oro;BALSAS;GELORO;OPERATIVO
S090006;Sur;BALZAR;8F;-1,368002778;-79,90441944;Torre Autosoportada;Terreno;Guayas;BALZAR;GBABAHOYO;OPERATIVO
S240003;Sur;BAMBIL;9C;-1,956136111;-80,65084444;Torre;Terreno;Santa Elena;COLONCHE;GSTAELENA;OPERATIVO
N170035;Norte;BANCO_CENTRAL;9A;-0,212236111;-78,50339167;Torre Autosoportada;Terreno;Pichincha;QUITO;PICHINCHA;OPERATIVO
N180015;Norte;BANOS;8C;-1,394955556;-78,46714167;Monopolo;Terreno;Tungurahua;PATATE;GRBA;OPERATIVO
N180016;Norte;BANOS_CENTRO;9C;-1,396558333;-78,42439167;Torre Autosoportada;Terreno;Tungurahua;BAÑOS DE AGUA SANTA;GRBA;OPERATIVO
N180062;Norte;BANOS_ESTE;9C;-1,389916667;-78,41313889;Monopolo;Terreno;Tungurahua;BAÑOS DE AGUA SANTA;GRBA;OPERATIVO
S240004;Sur;BARCELO_COLON;9A;-2,206308333;-80,96416944;Monopolo;Terreno;Santa Elena;SALINAS;GSTAELENA;OPERATIVO
S130007;Sur;BARRAGANETE;9A;-0,774669444;-79,69905833;Torre;Terreno;Manabí;BARRAGANETE;GQUEVEDO;OPERATIVO
S090093;Sur;BARRIO_CUBA;9C;-2,221277778;-79,88855556;Monopolo;Terreno;Guayas;GUAYAQUIL;GUAYAS;OPERATIVO
S090094;Sur;BARRIO_DEL_ASTILLERO;9C;-2,208252778;-79,88578056;Torre Autosoportada;Terreno;Guayas;GUAYAQUIL;GUAYAS;OPERATIVO
N160013;Norte;BARRIO_MEXICO_PUYO;9C;-1,489027778;-78,00161111;Monopolo;Terreno;Pastaza;PUYO;GTENA;OPERATIVO
N100043;Norte;BARRIO_PRIORATO_IBARRA;9C;0,38525;-78,108;Monopolo;Terreno;Imbabura;SAN MIGUEL DE IBARRA;GIBA;OPERATIVO
N1701056;Norte;BARRIO_ROJAS_UIO;9C;-0,216888889;-78,43102778;Monopolo;Terreno;Pichincha;QUITO;PICHINCHA;OPERATIVO
N1701070;Norte;BARTOLOME_SANCHEZ_UIO;9F;-0,108166667;-78,47605556;Soportes;Terraza;Pichincha;QUITO;PICHINCHA;OPERATIVO
S090647;Sur;BASE_NAVAL_NORTE_GYE;9C;-2,158583333;-79,87630556;Monopolo;Terreno;Guayas;GUAYAQUIL;GUAYAS;OPERATIVO
N180063;Norte;BASILICA_BANOS;9F;-1,398861111;-78,42319444;Soportes;Terraza;Tungurahua;BAÑOS DE AGUA SANTA;GRBA;OPERATIVO
S090095;Sur;BASTION_POPULAR;9C;-2,097472222;-79,92497222;Monopolo;Terreno;Guayas;GUAYAQUIL;GUAYAS;OPERATIVO
S090096;Sur;BATALLON_SUBURBIO;9C;-2,228280556;-79,94333611;Monopolo;Terreno;Guayas;GUAYAQUIL;GUAYAS;OPERATIVO
N170036;Norte;BATAN_ALTO;8K;-0,182472222;-78,47547222;Mástiles;Terraza;Pichincha;QUITO;PICHINCHA;OPERATIVO
S090097;Sur;BEDE;9B;-2,1875;-79,88972222;Torreta;Terraza;Guayas;GUAYAQUIL;GUAYAS;OPERATIVO
N170037;Norte;BELISARIO;8K;-0,191111111;-78,49703056;Mástiles;Terraza;Pichincha;QUITO;PICHINCHA;OPERATIVO
S090098;Sur;BELLAVISTA;9C;-2,182752778;-79,90871944;Torreta;Terreno;Guayas;GUAYAQUIL;GUAYAS;OPERATIVO
N170753;Norte;BELLAVISTA_CALDERON;9C;-0,064727778;-78,42113611;Monopolo;Terreno;Pichincha;QUITO;PICHINCHA;OPERATIVO
S090557;Sur;BELLAVISTA_DURAN;9C;-2,155416667;-79,84025;Monopolo;Terreno;Guayas;Duran;GUAYAS;OPERATIVO
S090438;Sur;BELLAVISTA_OESTE;9F;-2,188338889;-79,91641667;Mástiles;Terraza;Guayas;GUAYAQUIL;GUAYAS;OPERATIVO
N170038;Norte;BELLAVISTA_UIO;9F;-0,189458333;-78,47473611;Mástiles;Terraza;Pichincha;QUITO;PICHINCHA;OPERATIVO
S010118;Sur;BELLAVISTA_CUENCA;9F;-2,884836111;-79,00028333;Soportes;Terraza;Azuay;CUENCA;CUENCA;OPERATIVO
S130008;Sur;BELLAVISTA_MANABI;9A;-1,350919444;-80,28835;Torre Autosoportada;Terreno;Manabí;BELLAVISTA;GPORTOV;OPERATIVO
S130161;Sur;BELLAVISTA_PORTOVIEJO;9C;-1,067444444;-80,47727778;Monopolo;Terreno;Manabí;PORTOVIEJO;GPORTOV;OPERATIVO
N170811;Norte;BELLO_HORIZONTE;9F;-0,198638889;-78,48533333;Soportes;Terraza;Pichincha;QUITO;PICHINCHA;OPERATIVO
N170039;Norte;BENALCAZAR;8K;-0,183280556;-78,48028333;Mástiles;Terraza;Pichincha;QUITO;PICHINCHA;OPERATIVO
S030005;Sur;BIBLIAN;8F;-2,718808333;-78,88155833;Torre Autosoportada;Terreno;Cañar;BIBLIAN;CUENCA;OPERATIVO
S030006;Sur;BIBLIAN_CENTRO;9A;-2,719144444;-78,89590556;Torre Autosoportada;Terreno;Cañar;BIBLIAN;CUENCA;OPERATIVO
S030007;Sur;BIBLIAN2;#N/D;-2,718805556;-78,88155556;Torre Autosoportada;Terreno;Cañar;BIBLIAN;CUENCA;DESINSTALADO
N170040;Norte;BILOXI;9F;-0,261969444;-78,548075;Mástiles;Terraza;Pichincha;QUITO;PICHINCHA;OPERATIVO
N080003;Norte;BOCANA_DE_BUA;9C;-0,0203;-79,60089167;Torre Autosoportada;Terreno;Esmeraldas;LA UNION;GSTD;OPERATIVO
N1701444;Norte;BODEGAS_SUPERMAXI;9C;-0,3555;-78,450833;Monopolo;Terreno;Pichincha;QUITO;PICHINCHA;OPERATIVO
N050004;Norte;BOLICHE;9C;-0,664733333;-78,58863611;Torre Autosoportada;Terreno;Cotopaxi;SAN JUAN DE PASTOCALLE;GAMB;OPERATIVO
N020001;Sur;BOLIVAR_SALINAS;9C;-1,411222222;-79,01838889;Torre Autosoportada;Terreno;Bolivar;SALINAS;GBABAHOYO;OPERATIVO
S090626;Sur;BOLOCENTRO_GYE;9C;-2,173138889;-79,88763889;Monopolo;Terreno;Guayas;GUAYAQUIL;GUAYAS;OPERATIVO
N170041;Norte;BOMBONERITA;8K;-0,161947222;-78,47439167;Torre Autosoportada;Terreno;Pichincha;QUITO;PICHINCHA;OPERATIVO
N080004;Norte;BORBON;9A;1,082236111;-79,015575;Torre Autosoportada;Terreno;Esmeraldas;BORBON;GESM;OPERATIVO
N170812;Norte;BOSMEDIANO;9F;-0,188555556;-78,47611111;Soportes;Terraza;Pichincha;QUITO;PICHINCHA;OPERATIVO
S090099;Sur;BOSQUES_DE_CASTILLA;9C;-2,137669444;-79,86739167;Torre Autosoportada;Terreno;Guayas;GUAYAQUIL;GUAYAS;OPERATIVO
S090596;Sur;BOSQUES_DEL_SALADO_GYE;9C;-2,182666667;-79,98111111;Monopolo;Terreno;Guayas;GUAYAQUIL;GUAYAS;OPERATIVO
N080005;Norte;BOTROSA_N;9C;0,294583333;-79,25822222;Torre Autosoportada;Terreno;Pichincha;PUERTO QUITO;GESM;OPERATIVO
S090100;Sur;BOYACA;8F;-2,186669444;-79,88278056;Monopolo;Terreno;Guayas;GUAYAQUIL;GUAYAS;OPERATIVO
S130009;Sur;BOYACA_MANABI;9C;-0,580308333;-80,18178056;Torre Autosoportada;Terreno;Manabí;BOYACA;GCHONE;OPERATIVO
S0900713;Sur;BRAHMA;9C;-2,075444444;-79,94152778;Monopolo;Terreno;Guayas;GUAYAQUIL;GUAYAS;OPERATIVO
N170043;Norte;BRASIL;8K;-0,159172222;-78,48807222;Mástiles;Terraza;Pichincha;QUITO;PICHINCHA;OPERATIVO
N170044;Norte;BRASILIA_2;9F;-0,136122222;-78,47150278;Mástiles;Terraza;Pichincha;QUITO;PICHINCHA;OPERATIVO
N060041;Norte;BRIGADA_GALAPAGOS;9C;-1,658908333;-78,64953056;Polos;Terraza;Chimborazo;RIOBAMBA;GRBA;OPERATIVO
S090101;Sur;BRISAS_DEL_RIO;9C;-2,135780556;-79,88241944;Torre Autosoportada;Terreno;Guayas;GUAYAQUIL;GUAYAS;OPERATIVO
N170045;Norte;BROMELIAS;9F;-0,16;-78,4628;Mástiles;Terraza;Pichincha;QUITO;PICHINCHA;OPERATIVO
S090007;Sur;BUCAY;8F;-2,20345;-79,17035833;Torre Autosoportada;Terreno;Chimborazo;CUMANDA;GUAYAS;OPERATIVO
S090008;Sur;BUCAY_CENTRO;9C;-2,205141667;-79,13716944;Torre Autosoportada;Terreno;Chimborazo;CUMANDA;GUAYAS;OPERATIVO
S130030;Sur;BUEN_VIENTO;9C;-0,690011111;-80,19696944;Torre Autosoportada;Terreno;Manabí;SAN ANTONIO;GCHONE;OPERATIVO
N1701249;Norte;BUENA_ESPERANZA_TUMBACO;9C;-0,197166667;-78,37752778;Monopolo;Terreno;Pichincha;QUITO;PICHINCHA;OPERATIVO
S120005;Sur;BUENA_FE;8F;-0,886413889;-79,48995556;Torre Autosoportada;Terreno;Los Ríos;SAN JACINTO DE BUENA FE;GQUEVEDO;OPERATIVO
N170760;Norte;BUENAVENTURA;9C;-0,283894444;-78,58029722;Monopolo;Terreno;Pichincha;QUITO;PICHINCHA;OPERATIVO
N0500058;Norte;BUENAVENTURA_LATACUNGA;9C;-0,894778;-78,6114;;;Cotopaxi;LATACUNGA;GAMB;OPERATIVO
N170046;Norte;BUENAVISTA;8K;-0,164736111;-78,48764167;Torre Autosoportada;Terreno;Pichincha;QUITO;PICHINCHA;OPERATIVO
S030008;Sur;BUERAN;8C;-2,608386111;-78,93059167;Torre Autosoportada;Terreno;Cañar;CHOROCOPTE;CUENCA;OPERATIVO
N170047;Norte;BUGAMBILLAS;9C;-0,159280556;-78,46668333;Torre Autosoportada;Terreno;Pichincha;QUITO;PICHINCHA;OPERATIVO
S090102;Sur;BUIJO;9B;-2,077502778;-79,85694444;Torre Autosoportada;Terreno;Guayas;GUAYAQUIL;GUAYAS;OPERATIVO
N1701057;Norte;BURGEOIS_UIO;9F;-0,182972222;-78,49352778;Soportes;Terraza;Pichincha;QUITO;PICHINCHA;OPERATIVO
N0500060;Norte;BYPASS_LATACUNGA;9C;-0,932889;-78,6574;;;Cotopaxi;LATACUNGA;GAMB;OPERATIVO
N0500062;Norte;BYPASS_SALCEDO;9C;-1,04988;-78,602;;;Cotopaxi;SALCEDO;GAMB;OPERATIVO
N170072;Norte;C_C_AEROPUERTO;9F;-0,143697222;-78,49189167;Mástiles;Terraza;Pichincha;QUITO;PICHINCHA;OPERATIVO
N080069;Norte;CABAPLAN_TONSUPA;9C;0,8875;-79,81161111;Monopolo;Terreno;Esmeraldas;TONSUPA;GESM;OPERATIVO
N170988;Norte;CABILDOS;9F;-0,166222222;-78,49486111;Soportes;Terraza;Pichincha;QUITO;PICHINCHA;OPERATIVO
N130142;Sur;CABO_SAN_LORENZO;9A;-1,098555556;-80,89416667;Torre Autosoportada;Terreno;Manabí;SAN LORENZO;GMANTA;OPERATIVO
N040001;Norte;CABRAS;8C;0,471119444;-77,96462222;Torre Autosoportada;Terreno;Carchi;LOS ANDES;GIBA;OPERATIVO
N060042;Norte;CACHA_PANDEROS;9C;-1,723002778;-78,71251111;Monopolo;Terreno;Chimborazo;Cacha Panderos;GRBA;OPERATIVO
N230003;Norte;CADE;9C;-0,341411111;-79,2525;Monopolo;Terreno;Santo Domingo;LUZ DE AMERICA;GSTD;OPERATIVO
N060003;Norte;CAJABAMBA;9C;-1,696558333;-78,77839167;Torre Autosoportada;Terreno;Chimborazo;Cajabamba;GRBA;OPERATIVO
N170048;Norte;CALACALI;9C;-0,005777778;-78,52563889;Torre Autosoportada;Terreno;Pichincha;CALACALI;PICHINCHA;OPERATIVO
S130010;Sur;CALCETA;8F;-0,8278;-80,13334444;Torre Autosoportada;Terreno;Manabí;CALCETA;GCHONE;OPERATIVO
S130171;Sur;CALCETA_CENTRO;9F;-0,847222222;-80,16433333;Soportes;Terraza;Manabí;CALCETA;GCHONE;OPERATIVO
N170049;Norte;CALDERON;9A;-0,099186111;-78,42880833;Monopolo;Terreno;Pichincha;QUITO;PICHINCHA;OPERATIVO
N170050;Norte;CALDERON_NORTE;9E;-0,098891667;-78,42039167;Torre Autosoportada;Terreno;Pichincha;QUITO;PICHINCHA;OPERATIVO
N170051;Norte;CALIFORNIA_ALTA;8F;-0,133908333;-78,48053056;Mástiles;Terraza;Pichincha;QUITO;PICHINCHA;OPERATIVO
N1701235;Norte;CALLE_ALEMANIA_UIO;9F;-0,185055556;-78,48744444;Soportes;Terraza;Pichincha;QUITO;PICHINCHA;OPERATIVO
S020011;Sur;CALUMA;9A;-1,640847222;-79,24002222;Torre Autosoportada;Terreno;Bolivar;CALUMA;GBABAHOYO;OPERATIVO
N160001;Norte;CALVARIO;8C;-1,520255556;-77,90800278;Torre Autosoportada;Terreno;Pastaza;Calvario;GTENA;OPERATIVO
S240005;Sur;CALYPSO;9B;-2,2057;-80,96889444;Torreta;Terraza;Santa Elena;SALINAS;GSTAELENA;OPERATIVO
N170052;Norte;CAMARA_DE_COMERCIO;8F;-0,1853;-78,48964167;Mástiles;Terraza;Pichincha;QUITO;PICHINCHA;OPERATIVO
N170053;Norte;CAMELIAS;9F;-0,139722222;-78,46111111;Soportes;Terraza;Pichincha;QUITO;PICHINCHA;OPERATIVO
S010003;Sur;CAMILO_PONCE;9A;-3,050855556;-79,72846111;Torre Autosoportada;Terreno;Azuay;CAMILO PONCE ENRIQUEZ;GELORO;OPERATIVO
S010120;Sur;CAMINO_DEL_TEJAR;9C;-2,8875;-79,02418889;Soportes;Terraza;Azuay;CUENCA;NO ENTREGADA;DESINSTALADO
S1300196;Sur;CAMPAMENTO_REFINERIA_PACIFICO;9C;-1,0668388;-80,83169444;Torre Autosoportada;Suelo;Manabí;MANTA;GMANTA;OPERATIVO
N170054;Norte;CAMPO_ALEGRE;9E;-0,158633333;-78,45941944;Torreta;Terraza;Pichincha;QUITO;PICHINCHA;OPERATIVO
N170055;Norte;CAMPO_SANTO_MONTEOLIVO;8F;-0,163897222;-78,45491944;Monopolo;Terreno;Pichincha;QUITO;PICHINCHA;OPERATIVO
S130012;Sur;CAMPOSANO;9A;-1,588622222;-80,39130833;Torre Autosoportada;Terreno;Manabí;Paján;GPORTOV;OPERATIVO
N0500057;Norte;CAMPUS_ESPE;9C;-0,99922222;-78,57630555;Monopolo;Suelo;Cotopaxi;LATACUNGA;GAMB;OPERATIVO
S030009;Sur;CANAR;8F;-2,554791667;-78,93001667;Torre Autosoportada;Terreno;Cañar;Cañar;CUENCA;OPERATIVO
S030010;Sur;CANAR_CENTRO;9C;-2,557316667;-78,94019444;Monopolo;Terreno;Cañar;CAÑAR;CUENCA;OPERATIVO
N170056;Norte;CANCHACOTO;9D;-0,436966667;-78,76381944;Torre Autosoportada;Terreno;Pichincha;Quito;PICHINCHA;OPERATIVO
N170057;Norte;CANGAHUA;9C;-0,052739;-78,174343;Torre Autosoportada;Suelo;Pichincha;CANGAHUA;GIBA;OPERATIVO
N170058;Norte;CANIZARES;8F;-0,203333333;-78,49307222;Mástiles;Terraza;Pichincha;QUITO;PICHINCHA;OPERATIVO
S130013;Sur;CANOA;9A;-0,46525;-80,45077777;Torre Autosoportada;Suelo;Manabí;CANOA;GCHONE;OPERATIVO
S130014;Sur;CANUTO;9C;-0,762486111;-80,11981111;Torre Autosoportada;Terreno;Manabí;CANUTO;GCHONE;OPERATIVO
S130172;Sur;CANUTO_CENTRO;9C;-0,799083333;-80,12838889;Monopolo;Terreno;Manabí;CANUTO;GCHONE;OPERATIVO
S090103;Sur;CAPEIRA;8F;-2,000558333;-79,97778056;Torre Autosoportada;Terreno;Guayas;GUAYAQUIL;GUAYAS;OPERATIVO
N1701481;Norte;CAPILLA_UIO;9C;;;;;Pichincha;QUITO;PICHINCHA;OPERATIVO
N170059;Norte;CAPITAN_RAMON_BORJA;9F;-0,141136111;-78,47991944;Mástiles;Terraza;Pichincha;QUITO;PICHINCHA;OPERATIVO
N170700;Norte;CARACOLES;9C;-0,093636111;-78,481475;Monopolo;Terreno;Pichincha;QUITO;PICHINCHA;OPERATIVO
N1701464;Norte;CARAPUNGO_ETAPA_E;9C;-0,0889444;-78,4494;;;Pichincha;QUITO;PICHINCHA;OPERATIVO
N170060;Norte;CARAPUNGO_NORTE;9F;-0,092169444;-78,44978056;Soportes;Terraza;Pichincha;QUITO;PICHINCHA;OPERATIVO
N170061;Norte;CARAPUNGO_SUR;9C;-0,097808333;-78,45196111;Torre Autosoportada;Terreno;Pichincha;QUITO;PICHINCHA;OPERATIVO
N170062;Norte;CARCELEN;8F;-0,089530556;-78,46861111;Monopolo;Terreno;Pichincha;QUITO;PICHINCHA;OPERATIVO
N170063;Norte;CARCELEN_ALTO;9C;-0,092558333;-78,47555833;Torre Autosoportada;Terreno;Pichincha;QUITO;PICHINCHA;OPERATIVO
N170064;Norte;CARCELEN_BAJO;9F;-0,075022222;-78,46289167;Mástiles;Terraza;Pichincha;QUITO;PICHINCHA;OPERATIVO
N170065;Norte;CARCELEN_INDUSTRIAL;9C;-0,095361111;-78,47366667;Torre Autosoportada;Terreno;Pichincha;QUITO;PICHINCHA;OPERATIVO
N170066;Norte;CARCELEN_NORTE;9F;-0,085283333;-78,47100278;Mástiles;Terraza;Pichincha;QUITO;PICHINCHA;OPERATIVO
N040002;Norte;CARCHI_TUFINO;9C;0,801408333;-77,85167222;Torre Autosoportada;Terreno;Carchi;TUFIÑO;GIBA;OPERATIVO
S110038;Sur;CARIAMANGA;9C;-4,332808333;-79,56466944;Torre Autosoportada;Terreno;Loja;CARIAMANGA;GLOJA;OPERATIVO
N150002;Norte;CARLOS_J_AROSEMENA;9A;-1,188669444;-77,88613333;Torre Autosoportada;Terreno;Napo;CARLOS JULIO AROSEMENA TOLA;GTENA;OPERATIVO
N170067;Norte;CARRETAS_I;7E;-0,120011111;-78,47389167;Torre Autosoportada;Terreno;Pichincha;QUITO;PICHINCHA;OPERATIVO
N170693;Norte;CARRETAS_II;7E;-0,120308333;-78,473375;;;Pichincha;QUITO;PICHINCHA;OPERATIVO
N170068;Norte;CARRION;8K;-0,20585;-78,49353056;Mástiles;Terraza;Pichincha;QUITO;PICHINCHA;OPERATIVO
S030030;Sur;CARSHAU;8C;-2,436666667;-78,94833333;;;Cañar;CAÑAR;CUENCA;OPERATIVO
S090104;Sur;CARTONERA;9C;-2,277225;-79,88139722;Monopolo;Terreno;Guayas;GUAYAQUIL;GUAYAS;OPERATIVO
N1701208;Norte;CARVAJAL_UIO;9F;-0,160611111;-78,49394444;Soportes;Terraza;Pichincha;QUITO;PICHINCHA;OPERATIVO
N080048;Norte;CASA_BLANCA;9C;;;;;Esmeraldas;TONCHIGUE;GESM;OPERATIVO
S090592;Sur;CASA_TOSI_CENTRO;9F;-2,193472222;-79,88155556;Soportes;Terraza;Guayas;GUAYAQUIL;GUAYAS;OPERATIVO
N210001;Norte;CASCALES;9C;0,084591667;-77,20673611;Torre Autosoportada;Terreno;Sucumbios;EL DORADO DE CASCALES;GORE;OPERATIVO
S130015;Sur;CASCOL;9A;-1,670011111;-80,45750833;Torre Autosoportada;Terreno;Manabí;CASCOL;GPORTOV;OPERATIVO
N1701243;Norte;CASHAPAMBA_SANGOLQUI;9C;-0,325583;-78,4074;;;Pichincha;QUITO;PICHINCHA;OPERATIVO
S090129;Sur;CASTELAGO;9C;-2,097333333;-79,87319444;Torre Autosoportada;Terreno;Guayas;GUAYAQUIL;GUAYAS;OPERATIVO
S110039;Sur;CATACOCHA;9C;-4,0464;-79,65105;Torre Autosoportada;Terreno;Loja;CATACOCHA;GLOJA;OPERATIVO
N170817;Norte;CATALINA_ALDAZ;9F;-0,185113889;-78,477575;Soportes;Terraza;Pichincha;QUITO;PICHINCHA;OPERATIVO
S110040;Sur;CATAMAYO;9A;-4,008644444;-79,35667222;Torre Autosoportada;Terreno;Loja;Catamayo;GLOJA;OPERATIVO
N180091;Norte;CATEDRAL_AMBATO;9C;-1,240280556;-78,62833889;Torreta;Terraza;Tungurahua;AMBATO;GAMB;OPERATIVO
N180077;Norte;CAV_AMBATO;13B;-1,241361111;-78,62794444;Soportes;Terraza;Tungurahua;AMBATO;GAMB;OPERATIVO
N1701058;Norte;CAV_AMERICA;13B;-0,175277778;-78,49336111;Poste;Terreno;Pichincha;QUITO;PICHINCHA;DESINSTALADO
N170939;Norte;CAV_PLAZA_DE_LAS_AMERICAS;#N/D;;;;;Pichincha;QUITO;PICHINCHA;DESINSTALADO
N170758;Norte;CAV_QUICENTRO;13B;-0,176638889;-78,47883333;Soportes;IBS;Pichincha;QUITO;PICHINCHA;OPERATIVO
DESINSTALADO;Norte;CAV_CCI;#N/D;;;;;El Oro;BALSAS;PICHINCHA;DESINSTALADO
DESINSTALADO;Sur;CAV_MALL_DEL_SOL;#N/D;;;;;El Oro;BALSAS;GUAYAS;DESINSTALADO
N170069;Norte;CAYAMBE;8F;0,036966667;-78,13352222;Torre Autosoportada;Terreno;Pichincha;CAYAMBE;GIBA;OPERATIVO
N170070;Norte;CAYAMBE_CENTRO;9F;0,041122222;-78,14474444;Mástiles;Terraza;Pichincha;CAYAMBE;GIBA;OPERATIVO
N170071;Norte;CAYAMBE_NORTE;9F;0,046686111;-78,14306111;Mástiles;Terraza;Pichincha;CAYAMBE;GIBA;OPERATIVO
N170402;Norte;CC_EL_CARACOL;#N/D;-0,1764;-78,48728056;Soportes;Terraza;Pichincha;QUITO;;DESINSTALADO
N170073;Norte;CC_EL_CONDADO;13B;-0,10307;-78,49088;Mástiles;Terraza;Pichincha;QUITO;PICHINCHA;OPERATIVO
N170074;Norte;CC_EL_RECREO;13B;-0,251122222;-78,52150278;Mástiles;Terraza;Pichincha;QUITO;PICHINCHA;OPERATIVO
N170075;Norte;CC_LA_ESQUINA;8L;-0,199191667;-78,43208611;Monopolo;Terreno;Pichincha;QUITO;PICHINCHA;OPERATIVO
N170704;Norte;CC_QUITUS;8K;-0,204363889;-78,49975278;Soportes;Terraza;Pichincha;QUITO;PICHINCHA;OPERATIVO
S090628;Sur;CC_SAN_MARINO_2;9F;-2,169666667;-79,89663889;Soportes;Terraza;Guayas;GUAYAQUIL;GUAYAS;OPERATIVO
N1702197;Norte;CC_CARAPUNGO;9E;;;;;;;PICHINCHA;NUEVO
DESINSTALADO;Norte;CC_EL_CARACOL_4G;#N/D;;;;;;;PICHINCHA;DESINSTALADO
S0900711;Sur;CDLA_29_OCTUBRE_EMPALME;9F;-1,04225;-79,64105556;Soportes;Terraza;Guayas;El Empalme;GQUEVEDO;OPERATIVO
S090530;Sur;CDLA_ALAMOS_NORTE_GYE;9F;-2,131972222;-79,9105;Soportes;Terraza;Guayas;GUAYAQUIL;GUAYAS;OPERATIVO
N170076;Norte;CDLA_ATAHUALPA;9F;-0,250025;-78,53223333;Mástiles;Terraza;Pichincha;QUITO;PICHINCHA;OPERATIVO
S090590;Sur;CDLA_COVIEN_GYE;9C;-2,240472222;-79,90513889;Monopolo;Terreno;Guayas;GUAYAQUIL;GUAYAS;OPERATIVO
N1701451;Norte;CDLA_EJERCITO_NORTE;9C;-0,304944;-78,5493;;;Pichincha;QUITO;PICHINCHA;OPERATIVO
S090498;Sur;CDLA_GERANIOS_1;9C;-2,082722222;-79,91377778;Torreta;Terreno;Guayas;GUAYAQUIL;GUAYAS;OPERATIVO
S090573;Sur;CDLA_IETEL_GYE;9C;-2,152;-79,89594444;Torreta;Terreno;Guayas;GUAYAQUIL;GUAYAS;OPERATIVO
S090535;Sur;CDLA_JULIO_CARTAGENA_GYE;9C;-2,126833333;-79,92358333;Monopolo;Terreno;Guayas;GUAYAQUIL;GUAYAS;OPERATIVO
N180092;Norte;CDLA_LAS_PALMAS_AMBATO;9F;-1,251833333;-78,64511111;Soportes;Terraza;Tungurahua;AMBATO;GAMB;OPERATIVO
S090526;Sur;CDLA_LOS_ROSALES;9F;-2,12075;-79,90805556;Soportes;Terraza;Guayas;GUAYAQUIL;GUAYAS;OPERATIVO
S070078;Sur;CDLA_MANUEL_ENCALADA_MACHALA;9C;-3,268638889;-79,95902778;Torreta;Terreno;El Oro;MACHALA;GELORO;OPERATIVO
S050052;Norte;CDLA_PATRIA_LATACUNGA;9C;-0,965972222;-78,61305556;Torreta;Terreno;Cotopaxi;LATACUNGA;GAMB;OPERATIVO
N080073;Norte;CDLA_SAN_CARLOS_TONSUPA;9C;0,883111111;-79,82141667;Monopolo;Terreno;Esmeraldas;ATACAMES;GESM;OPERATIVO
S090576;Sur;CDLA_SAN_MIGUEL;9C;-2,135011111;-79,57750278;Torre Autosoportada;Terreno;Guayas;MILAGRO;GUAYAS;OPERATIVO
S090500;Sur;CDLA_SIMON_BOLIVAR;9F;-2,151916667;-79,88736111;Soportes;Terraza;Guayas;GUAYAQUIL;GUAYAS;OPERATIVO
S130016;Sur;CDLA_ALTAGRACIA;9A;-0,968641667;-80,69105833;Monopolo;Terreno;Manabí;MANTA;GMANTA;OPERATIVO
S130129;Sur;CDLA_AURORA;9C;-0,981686111;-80,70528056;Monopolo;Terreno;Manabí;MANTA;GMANTA;OPERATIVO
S0100205;Sur;CDLA_CALDERON_CUENCA;9C;-2,876444444;-78,97588889;Monopolo;Suelo;Azuay;CUENCA;CUENCA;OPERATIVO
S130162;Sur;CDLA_COMERCIO_PORTOVIEJO;9C;-1,054805556;-80,46666667;Torreta;Terreno;Manabí;PORTOVIEJO;GPORTOV;OPERATIVO
S130018;Sur;CDLA_PORTOVIEJO;9C;-1,065286111;-80,44752222;Torreta;Terreno;Manabí;PORTOVIEJO;GPORTOV;OPERATIVO
N060004;Norte;CEBADAS;9C;-1,919111111;-78,62783333;Monopolo;Terreno;Chimborazo;CEBADAS;GRBA;OPERATIVO
S010004;Sur;CEBOLLAR;9C;-2,883336111;-79,01667222;Monopolo;Terreno;Azuay;CUENCA;CUENCA;OPERATIVO
S090105;Sur;CEIBOS;9B;-2,167222222;-79,94055833;Monopolo;Terreno;Guayas;GUAYAQUIL;GUAYAS;OPERATIVO
S090106;Sur;CEIBOS_NORTE;9B;-2,152802778;-79,940975;Monopolo;Terreno;Guayas;GUAYAQUIL;GUAYAS;OPERATIVO
S090638;Sur;CEIBOS_PERIMETRAL;9F;-2,146555556;-79,94038889;Soportes;Terraza;Guayas;GUAYAQUIL;GUAYAS;OPERATIVO
S110042;Sur;CELICA;9C;-4,082247222;-79,93953056;Torre Autosoportada;Terreno;Loja;CELICA;GLOJA;OPERATIVO
S090107;Sur;CENTENARIO;9B;-2,214169444;-79,89194444;Torreta;Terraza;Guayas;GUAYAQUIL;GUAYAS;OPERATIVO
N170816;Norte;CENTRAL_CALDERON_CASALES;9C;-0,100488889;-78,44423056;Monopolo;Terreno;Pichincha;QUITO;PICHINCHA;OPERATIVO
S090112;Sur;CENTRAL_CHONGON;7E;-2,199444444;-80,04694444;Torre Autosoportada;Terreno;Guayas;GUAYAQUIL;GUAYAS;OPERATIVO
S0900744;Sur;CENTRAL_EL_CARMEN;7E;-2,181527778;-79,88205556;Poste;Terreno;Guayas;GUAYAQUIL;GUAYAS;OPERATIVO
N1701074;Norte;CENTRAL_TECNICO;9F;-0,167444444;-78,48102778;Soportes;Terraza;Pichincha;QUITO;PICHINCHA;OPERATIVO
N1701218;Norte;CENTRAL_CALDERON;7E;-0,100588889;-78,44346389;Torre Autosoportada;Terreno;Pichincha;QUITO;PICHINCHA;OPERATIVO
S090009;Sur;CENTRO_CIVICO_GYE;9C;-2,213352778;-79,89855833;Monopolo;Terreno;Guayas;GUAYAQUIL;GUAYAS;OPERATIVO
S090494;Sur;CENTRO_COMERCIAL_QUEVEDO;8F;;;;;Los Ríos;QUEVEDO;GQUEVEDO;OPERATIVO
NTEMP024;Norte;CENTRO_COMERCIAL_RIOBAMBA;13C;;;;;Chimborazo;RIOBAMBA;GRBA;OPERATIVO
S090108;Sur;CENTRO_COMERCIAL_SAN_MARINO;9F;-2,169444444;-79,89861111;Mástiles;Terraza;Guayas;GUAYAQUIL;GUAYAS;OPERATIVO
S090004;Sur;CENTRO_DE_CONVENCIONES;9C;-2,158641667;-79,88716944;Torre Autosoportada;Terreno;Guayas;GUAYAQUIL;GUAYAS;OPERATIVO
S090109;Sur;CENTRO_PARK;9C;-2,195780556;-79,88150278;Torre Autosoportada;Terreno;Guayas;GUAYAQUIL;GUAYAS;OPERATIVO
N230004;Norte;CERRO_ALTO;9A;-0,337441667;-78,84438056;Torre Autosoportada;Terreno;Santo Domingo;ALLURIQUIN;GSTD;OPERATIVO
S090110;Sur;CERRO_AZUL;8C;-2,165833333;-79,95694444;Torre Autosoportada;Terreno;Guayas;GUAYAQUIL;GUAYAS;OPERATIVO
N100024;Norte;CERRO_BLANCO;8C;0,2125;-78,33527778;;;Imbabura;OTAVALO;GIBA;OPERATIVO
S130019;Sur;CERRO_GUAYABAL;9C;-1,060169444;-80,56514167;Torre Autosoportada;Terreno;Manabí;LAS PALMAS;GMANTA;OPERATIVO
S090111;Sur;CERVECERIA_NACIONAL;9D;-2,061177778;-79,94491667;Monopolo;Terreno;Guayas;GUAYAQUIL;GUAYAS;OPERATIVO
S090355;Sur;CERVECERIA_NACIONAL_SUR;9C;-2,065305556;-79,95366667;Monopolo;Terreno;Guayas;GUAYAQUIL;GUAYAS;OPERATIVO
N180017;Norte;CEVALLOS;9C;-1,349030556;-78,61973333;Torre Autosoportada;Terreno;Tungurahua;CEVALLOS;GRBA;OPERATIVO
N1701220;Norte;CHACRAS_CALDERON;9C;-0,10825;-78,4189;;;Pichincha;QUITO;PICHINCHA;OPERATIVO
S110003;Sur;CHAGUARPAMBA;9C;-3,870808333;-79,64752222;Torre Autosoportada;Terreno;Loja;CHAGUARPAMBA;GLOJA;OPERATIVO
S240006;Sur;CHANDUY;9C;-2,404286111;-80,69344167;Torre Autosoportada;Terreno;Santa Elena;CHANDUY;GSTAELENA;OPERATIVO
S110004;Sur;CHANGAIMINA;9C;-4,219030556;-79,52668333;Torre Autosoportada;Terreno;Loja;Changaimina;GLOJA;OPERATIVO
N050005;Norte;CHASQUI;8C;-0,620886111;-78,59359444;Torre Autosoportada;Terreno;Cotopaxi;MULALO;PICHINCHA;OPERATIVO
S010005;Sur;CHAULLABAMBA;8F;-2,850066667;-78,92585;Torre Autosoportada;Terreno;Azuay;LLACAO;CUENCA;OPERATIVO
S010196;Sur;CHAULLABAMBA_NORTE_CUENCA;9C;-2,84575;-78,89502778;Monopolo;Terreno;Azuay;CUENCA;CUENCA;OPERATIVO
N170078;Norte;CHICHE_PUEMBO;8K;-0,202336111;-78,36890278;Monopolo;Terreno;Pichincha;QUITO;PICHINCHA;OPERATIVO
N140016;Norte;CHIGUAZA_MORONA_STG;9C;-2,006444444;-77,9345;Torre;Terreno;Morona Santiago;CHIGUAZA;GTENA;OPERATIVO
S070075;Sur;CHILLA;8F;-3,498666667;-79,62927778;;;El Oro;CHILLA;GELORO;OPERATIVO
S020002;Sur;CHILLANES;9A;-1,952805556;-79,06252778;Torre;Terreno;Bolivar;CHILLANES;GBABAHOYO;OPERATIVO
N170079;Norte;CHILLOGALLO;9C;-0,280558333;-78,55751111;Torre Autosoportada;Terreno;Pichincha;QUITO;PICHINCHA;OPERATIVO
N020012;Sur;CHIMBO;9C;-1,691122222;-79,02228056;Torre Autosoportada;Terreno;Bolivar;SAN JOSE DE CHIMBO;GBABAHOYO;OPERATIVO
S130135;Norte;CHIMBUNGA;9A;-0,101308333;-79,82891111;Monopolo;Terreno;Manabí;CHIBUNGA;GSTD;OPERATIVO
S240007;Sur;CHIPIPE;9F;-2,199725;-80,98139167;Mástiles;Terraza;Santa Elena;SALINAS;GSTAELENA;OPERATIVO
S010006;Sur;CHIQUINTAD;9C;-2,8114;-78,980025;Torre Autosoportada;Terreno;Azuay;SIDCAY;CUENCA;OPERATIVO
N171008;Norte;CHIRIBOGA;9C;;;;;Pichincha;CHIRIBOGA;PICHINCHA;OPERATIVO
N230036;Norte;CHIRIBOGA_TELCONET;#N/D;-0,22861111;-78,7675;;;Pichincha;Quito;PICHINCHA;DESINSTALADO
S130020;Sur;CHONE;8F;-0,690783333;-80,03663056;Torre Autosoportada;Terreno;Manabí;CHONE;GCHONE;OPERATIVO
S130021;Sur;CHONE_CENTRO;9C;-0,698419444;-80,09363611;Monopolo;Terreno;Manabí;CHONE;GCHONE;OPERATIVO
S0900699;Sur;CHONGON_CENTRO;9C;-2,227694444;-80,08216667;Torre;Terreno;Guayas;GUAYAQUIL;GUAYAS;OPERATIVO
S030011;Sur;CHONTAMARCA;8F;-2,461808333;-79,084175;Torre Tensada;Terreno;Cañar;SUSCAL;CUENCA;OPERATIVO
S140018;Norte;CHONTILLAL;9C;-0,268166667;-79,55530556;Torre;Terreno;Manabí;MAICITO;GSTD;OPERATIVO
S060043;Sur;CHUNCHI;8F;-2,282225;-78,92100278;Torre Autosoportada;Terreno;Chimborazo;CHUNCHI;CUENCA;OPERATIVO
S110005;Sur;CHUQUIRIBAMBA;9C;-3,8289;-79,34861944;Monopolo;Terreno;Loja;CHUQUIRIBAMBA;GLOJA;OPERATIVO
N170403;Norte;CHURULOMA;9C;-0,088336111;-78,42990278;Monopolo;Terreno;Pichincha;QUITO;PICHINCHA;OPERATIVO
N050006;Norte;CIENEGA;9A;-0,759184;-78,623924;Torre Autosoportada;Suelo;Cotopaxi;TANICUCHI;GAMB;OPERATIVO
N170080;Norte;CINCO_ESQUINAS;8K;-0,246125;-78,51306944;Mástiles;Terraza;Pichincha;QUITO;PICHINCHA;OPERATIVO
N1701240;Norte;CIRCULO_MILITAR_UIO;9F;-0,197555556;-78,48683333;Soportes;Terraza;Pichincha;QUITO;PICHINCHA;OPERATIVO
S090439;Sur;CITY_MALL;9F;-2,139980556;-79,91031944;Soportes;Terraza;Guayas;GUAYAQUIL;GUAYAS;OPERATIVO
S090636;Sur;CIUDAD_CELESTE;9F;-2,066405556;-79,83946667;Soportes;Terraza;Guayas;GUAYAQUIL;GUAYAS;OPERATIVO
S090010;Sur;CIUDAD_COLON;9F;-2,151675;-79,90784167;Soportes;Terraza;Guayas;GUAYAQUIL;GUAYAS;OPERATIVO
N1702193;Norte;CIUDAD_FUTURA;9E;;;;;;;PICHINCHA;NUEVO
N1701209;Norte;CIUDAD_JARDIN_UIO;9F;-0,341333333;-78,52991667;Soportes;Terraza;Pichincha;QUITO;PICHINCHA;OPERATIVO
S130022;Sur;CIUDAD_ALFARO;9A;-1,056919444;-80,66168333;Monopolo;Terreno;Manabí;MONTECRISTI;GMANTA;OPERATIVO
N170081;Norte;CIUDADELA_MEXICO;9F;-0,239641667;-78,51166944;Mástiles;Terraza;Pichincha;QUITO;PICHINCHA;OPERATIVO
N170082;Norte;CIUDADELA_UNION_NAVAL;8K;-0,211391667;-78,48696944;Torreta;Terreno;Pichincha;QUITO;PICHINCHA;OPERATIVO
S090536;Sur;CLDA_PUERTAS_DEL_SOL_GYE;9C;-2,188638889;-79,96063889;Monopolo;Terreno;Guayas;GUAYAQUIL;GUAYAS;OPERATIVO
N170083;Norte;CLEMENTE_BALLEN;9C;-0,261641667;-78,52864167;Monopolo;Terreno;Pichincha;QUITO;PICHINCHA;OPERATIVO
N170084;Norte;CLINICA_COTOCOLLAO;9C;-0,115891667;-78,49611944;Torre Autosoportada;Terreno;Pichincha;QUITO;PICHINCHA;OPERATIVO
N1701201;Norte;CLINICA_DE_LA_MUJER_UIO;9F;-0,170194444;-78,48477778;Soportes;Terraza;Pichincha;QUITO;PICHINCHA;OPERATIVO
N170822;Norte;CLINICA_PICHINCHA;9C;-0,201777778;-78,49522222;Polos;Terraza;Pichincha;QUITO;PICHINCHA;OPERATIVO
S090113;Sur;CLINICA_SAN_FRANCISCO;9C;-2,167780556;-79,894475;Torreta;Terraza;Guayas;GUAYAQUIL;GUAYAS;OPERATIVO
N1701219;Norte;CLINICA_SAN_RAFAEL_UIO;9F;-0,305277778;-78,45544444;Soportes;Terraza;Pichincha;QUITO;PICHINCHA;OPERATIVO
N170085;Norte;CLUB_LOS_CHILLOS;9A;-0,359527778;-78,41919444;Monopolo;Terreno;Pichincha;QUITO;PICHINCHA;OPERATIVO
N080064;Norte;CLUB_PACIFICO_TONSUPA;9F;0,896916667;-79,804;Soportes;Terraza;Esmeraldas;TONSUPA;GESM;OPERATIVO
N170937;Norte;CLUB_RANCHO_SAN_FRANCISCO;9F;-0,183741667;-78,44183056;Soportes;Terraza;Pichincha;QUITO;PICHINCHA;OPERATIVO
N220001;Norte;COCA;8F;-0,459383333;-76,98429167;Torre Autosoportada;Terreno;Orellana;Coca;GORE;OPERATIVO
N220031;Norte;COCA_CENTRO;9C;-0,470944444;-76,9855;Torreta;Terreno;Orellana;Francisco de Orellana;GORE;OPERATIVO
N1701376;Norte;COCA_COLA_CALDERON;9F;-0,107333333;-78,44372222;Soportes;Terraza;Pichincha;QUITO;PICHINCHA;OPERATIVO
N220033;Norte;COCA_LORETO_1;9C;-0,492222222;-77,14316667;Torre;Terreno;Orellana;SAN JOSE DE PAYAMINO;GORE;OPERATIVO
N220034;Norte;COCA_LORETO_2;9C;-0,571805556;-77,26244444;Torre;Terreno;Orellana;SAN JOSE DE PAYAMINO;GORE;OPERATIVO
N220003;Norte;COCA_NORTE;9C;-0,442522222;-77,00001111;Monopolo;Terreno;Orellana;Puerto Francisco de Orellana;GORE;OPERATIVO
N060005;Norte;COCHA_COLORADA;9C;-1,496558333;-78,70814167;Torre Autosoportada;Terreno;Chimborazo;SAN ANDRES;GRBA;OPERATIVO
N1701075;Norte;COCHAPAMBA_NORTE_UIO;9F;-0,155583333;-78,50066667;Soportes;Terraza;Pichincha;QUITO;PICHINCHA;OPERATIVO
N170086;Norte;COFAVI;9A;-0,119419444;-78,48002222;Torre Autosoportada;Terreno;Pichincha;QUITO;PICHINCHA;OPERATIVO
N130143;Norte;COJIMIES;9A;0,367502778;-80,03578056;Torre;Terreno;Manabí;COJIMIES;GSTD;OPERATIVO
N1701076;Norte;COL_NAC_ELOY_ALFARO_UIO;9F;-0,125083333;-78,48961111;Soportes;Terraza;Pichincha;QUITO;PICHINCHA;OPERATIVO
N170088;Norte;COLEGIO_24_DE_MAYO;8K;-0,17335;-78,47474444;Mástiles;Terraza;Pichincha;QUITO;PICHINCHA;OPERATIVO
N1701236;Norte;COLEGIO_ALEMAN_QUITO;9C;-0,210138889;-78,43747222;Monopolo;Terreno;Pichincha;QUITO;PICHINCHA;OPERATIVO
N170089;Norte;COLEGIO_AMERICANO;9F;-0,08335;-78,46277778;Soportes;Terraza;Pichincha;QUITO;PICHINCHA;OPERATIVO
S090568;Sur;COLEGIO_CANAR_DURAN;9C;-2,177277778;-79,84416667;Torreta;Terreno;Guayas;Duran;GUAYAS;OPERATIVO
N1701068;Norte;COLEGIO_DE_AMERICA_UIO;9F;-0,155555556;-78,48208333;Soportes;Terraza;Pichincha;QUITO;PICHINCHA;OPERATIVO
N1701065;Norte;COLEGIO_SEK_LOS_VALLES;9C;-0,211527778;-78,44519444;Monopolo;Terreno;Pichincha;QUITO;PICHINCHA;OPERATIVO
N170087;Norte;COLEGIO_SIMON_BOLIVAR;9C;-0,217363889;-78,51250278;Torreta;Terreno;Pichincha;QUITO;PICHINCHA;OPERATIVO
S130184;Sur;COLEGIO_MA_AUXILIADORA_MANTA;9C;-0,95875;-80,70480556;Monopolo;Terreno;Manabí;MANTA;GMANTA;OPERATIVO
S110050;Sur;COLG_ADOLFO_VALAREZO_LOJA;9C;-3,993305556;-79,20866667;Torreta;Terreno;Loja;LOJA;GLOJA;OPERATIVO
S090011;Sur;COLIMES;9C;-1,548752778;-80,00862222;Torre Autosoportada;Terreno;Guayas;COLIMES;GUAYAS;OPERATIVO
N170090;Norte;COLINAS_DEL_BOSQUE;9F;-0,159186111;-78,49972222;Mástiles;Terraza;Pichincha;QUITO;PICHINCHA;OPERATIVO
N170756;Norte;COLINAS_DEL_VALLE;9C;-0,075838889;-78,43125278;Monopolo;Terreno;Pichincha;QUITO;PICHINCHA;OPERATIVO
N170091;Norte;COLISEO_RUMINAHUI;9F;-0,214169444;-78,48890833;Mástiles;Terraza;Pichincha;QUITO;PICHINCHA;OPERATIVO
S030012;Sur;COLISEO_AZOGUES;9F;-2,741397222;-78,8478;Mástiles;Terraza;Cañar;AZOGUES;CUENCA;OPERATIVO
S090115;Sur;COLON;9B;-2,158058333;-79,89916944;Torreta;Terraza;Guayas;GUAYAQUIL;GUAYAS;OPERATIVO
N080006;Norte;COLON_ELOY;9A;1,040058333;-78,925575;Torre Autosoportada;Terreno;Esmeraldas;MALDONADO;GESM;OPERATIVO
S130023;Sur;COLON_MANABI;9C;-1,11775;-80,41052778;Torre Autosoportada;Terreno;Manabí;PORTOVIEJO;GPORTOV;OPERATIVO
N2300039;Norte;COLONOS;9C;-0,256472222;-79,20225;Monopolo;Suelo;Santo Domingo;SANTO DOMINGO;GSTD;OPERATIVO
S060044;Norte;COLUMBE;9C;-1,884530556;-78,71683611;Torre Autosoportada;Terreno;Chimborazo;COLUMBE;GRBA;OPERATIVO
N170094;Norte;COMICIOS_KAUFER;8K;-0,167808333;-78,48944444;Soportes;Terraza;Pichincha;QUITO;PICHINCHA;OPERATIVO
S090537;Sur;COMISARIATO_ROCAFUERTE_GYE;9C;-2,189222222;-79,88013889;Torreta;Terraza;Guayas;GUAYAQUIL;GUAYAS;OPERATIVO
N170095;Norte;COMITE_DEL_PUEBLO;9E;-0,129577778;-78,47062222;Torre Autosoportada;Terreno;Pichincha;QUITO;PICHINCHA;OPERATIVO
N170096;Norte;COMUNA_CAJAS;9A;0,114461111;-78,18001944;Torre Autosoportada;Terreno;Pichincha;TUPIGACHI;GIBA;OPERATIVO
N170097;Norte;CONCEPCION;8F;-0,1539;-78,491675;Torre Autosoportada;Terreno;Pichincha;QUITO;PICHINCHA;OPERATIVO
N040003;Norte;CONCEPCION_CARCHI;9C;0,573669444;-78,10678056;Torre Autosoportada;Terreno;Carchi;La Concepción;GIBA;OPERATIVO
N170098;Norte;CONDADO;8F;-0,106641667;-78,49891389;Monopolo;Terreno;Pichincha;QUITO;PICHINCHA;OPERATIVO
N170099;Norte;CONDADO_BAJO;9F;-0,098347222;-78,49955833;Mástiles;Terraza;Pichincha;QUITO;PICHINCHA;OPERATIVO
N150003;Norte;CONDIJUA;8C;-0,483558333;-77,90118889;Torre Autosoportada;Terreno;Napo;BAEZA;GTENA;OPERATIVO
N170100;Norte;CONDOMINIOS_LA_LUZ;9F;-0,144141667;-78,48178056;Mástiles;Terraza;Pichincha;QUITO;PICHINCHA;OPERATIVO
N170101;Norte;CONDOR_MACHAY;9A;-0,430855556;-78,67631111;Torre Autosoportada;Terreno;Pichincha;ALOAG;PICHINCHA;OPERATIVO
N170102;Norte;CONOCOTO;8F;-0,267638889;-78,48425;Torre Autosoportada;Terreno;Pichincha;QUITO;PICHINCHA;OPERATIVO
N170103;Norte;CONOCOTO_CENTRO;8F;-0,289891667;-78,47714167;Monopolo;Terreno;Pichincha;QUITO;PICHINCHA;OPERATIVO
N170104;Norte;CONOCOTO_SUR;9A;-0,298280556;-78,48083611;Mástiles;Terraza;Pichincha;QUITO;PICHINCHA;OPERATIVO
S090116;Sur;CONSUELO;9A;-2,279947222;-80,18739722;Torre Autosoportada;Terreno;Guayas;GUAYAQUIL;GUAYAS;OPERATIVO
S130024;Sur;CONVENTO;8F;-0,283625;-80,02889167;Torre Autosoportada;Terreno;Manabí;CONVENTO;GCHONE;OPERATIVO
S0900715;Sur;COOP_SAN_FRANCISCO_GYE;9C;-2,054916667;-79,95561111;Monopolo;Terreno;Guayas;GUAYAQUIL;GUAYAS;OPERATIVO
N230005;Norte;COOPERATIVA_ALIANZA_CARCHENSE;9C;-0,262725;-79,15555833;Monopolo;Terreno;Santo Domingo;SANTO DOMINGO DE LOS COLORADOS;GSTD;OPERATIVO
N230006;Norte;COOPERATIVA_CHE_GUEVARA;9C;-0,227244444;-79,18578056;Monopolo;Terreno;Santo Domingo;SANTO DOMINGO DE LOS COLORADOS;GSTD;OPERATIVO
N170105;Norte;CORDILLERA;9F;-0,133075;-78,50155833;Mástiles;Terraza;Pichincha;QUITO;PICHINCHA;OPERATIVO
S090012;Sur;CORONEL_LORENZO_GARAICOA;9C;-2,065858333;-79,43668611;Torre Autosoportada;Terreno;Guayas;Coronel Lorenzo de Garaicoa;GUAYAS;OPERATIVO
S130025;Sur;COROZO;8C;-1,489063889;-80,52290278;Torre Autosoportada;Terreno;Manabí;Corozo;GPORTOV;OPERATIVO
N170106;Norte;CORUNA;8K;-0,198419444;-78,48140833;Torreta;Terraza;Pichincha;QUITO;PICHINCHA;OPERATIVO
S070004;Sur;COSTA_RICA;9A;-3,354333333;-80,26191667;Torre Autosoportada;Terreno;El Oro;JAMBELI;GELORO;OPERATIVO
S1300194;Sur;COSTA_AZUL_MANTA;9C;-0,971694444;-80,68011111;Monopolo;Terreno;Manabí;MANTA;GMANTA;OPERATIVO
N1701377;Norte;COTAC_UIO;9F;-0,133777778;-78,4845;Soportes;Terraza;Pichincha;QUITO;PICHINCHA;OPERATIVO
N100002;Norte;COTACACHI;9C;0,306122222;-78,28655833;Torre Autosoportada;Terreno;Imbabura;COTACACHI;GIBA;OPERATIVO
N100003;Norte;COTACACHI_CENTRO;9C;0,299252778;-78,26725278;Torre Autosoportada;Terreno;Imbabura;COTACACHI;GIBA;OPERATIVO
N170107;Norte;COTOCOLLAO;8F;-0,122525;-78,49444722;Torre Autosoportada;Terreno;Pichincha;QUITO;PICHINCHA;OPERATIVO
N170108;Norte;COTOGCHOA;8F;-0,357802778;-78,46946389;Torre Autosoportada;Terreno;Pichincha;QUITO;PICHINCHA;OPERATIVO
N150027;Norte;COTUNDO_NAPO;9C;-0,836833333;-77,79877778;Torre;Terreno;Napo;COTUNDO;GTENA;OPERATIVO
N170109;Norte;COUNTRY_DEL_EJERCITO;9E;-0,313616667;-78,45167222;Monopolo;Terreno;Pichincha;QUITO;PICHINCHA;OPERATIVO
N150004;Norte;COW_TENA_CENTRO;9C;-0,989777778;-77,81669444;Torreta;Terreno;Napo;TENA;GTENA;OPERATIVO
S090593;Sur;CRIDESA_GYE;9C;-2,085027778;-79,95380556;Monopolo;Terreno;Guayas;GUAYAQUIL;GUAYAS;OPERATIVO
N170110;Norte;CRISTIANIA;9F;-0,115852778;-78,47389167;Mástiles;Terraza;Pichincha;QUITO;PICHINCHA;OPERATIVO
S090117;Sur;CRISTO_DEL_CONSUELO;9C;-2,222919444;-79,91116944;Monopolo;Terreno;Guayas;GUAYAQUIL;GUAYAS;OPERATIVO
S130026;Sur;CRUCITA;9C;-0,861675;-80,53668333;Torre Autosoportada;Terreno;Manabí;CRUCITA;GPORTOV;OPERATIVO
N170111;Norte;CRUZ_ROJA;9C;-0,216686111;-78,50230833;Torreta;Terraza;Pichincha;QUITO;PICHINCHA;OPERATIVO
S120006;Sur;CUATRO_MANGAS;9C;-0,950233333;-79,48115;Torre Autosoportada;Terreno;Los Ríos;QUEVEDO;GQUEVEDO;OPERATIVO
N080007;Norte;CUBE;9A;0,576277778;-79,63052778;Torre Autosoportada;Terreno;Esmeraldas;CUBE;GESM;OPERATIVO
S0102338;Sur;CUENCA_SUR_OESTE;9E;;;;;AZUAY;CUENCA;CUENCA;NUEVO
S010007;Sur;CUENCA_CENTRAL;8F;-2,898397222;-79,00474167;Torre Autosoportada;Terreno;Azuay;CUENCA;CUENCA;OPERATIVO
S010008;Sur;CUENCA_NORTE;8F;-2,889763889;-78,990575;Torre Autosoportada;Terreno;Azuay;CUENCA;CUENCA;OPERATIVO
S010009;Sur;CUENCA_OESTE;8F;-2,903066667;-79,02184722;Torre Autosoportada;Terreno;Azuay;CUENCA;CUENCA;OPERATIVO
S010010;Sur;CUENCA_TURI;7E;-2,929786111;-78,99751944;Torre Autosoportada;Terreno;Azuay;CUENCA;CUENCA;OPERATIVO
STEMP021;Sur;CUENCA_GSM;8C;;;;;;;CUENCA;NUEVO
N170112;Norte;CUERO_Y_CAICEDO;8K;-0,191669444;-78,49378056;Mástiles;Terraza;Pichincha;QUITO;PICHINCHA;OPERATIVO
N170113;Norte;CUMBAYA;8F;-0,197353;-78,440776;Torre Autosoportada;Suelo;Pichincha;QUITO;PICHINCHA;OPERATIVO
N170114;Norte;CUMBAYA_CENTRO;8K;-0,196136111;-78,43491944;Mástiles;Terraza;Pichincha;QUITO;PICHINCHA;OPERATIVO
N170978;Norte;CUMBAYA_VENTURAMALL;9C;-0,198527778;-78,43698056;Poste;Terreno;Pichincha;QUITO;PICHINCHA;OPERATIVO
N180072;Norte;CUNCHIBAMBA;9C;-1,128141667;-78,57724444;Torre Autosoportada;Terreno;Tungurahua;CUNCHIBAMBA;GAMB;OPERATIVO
N080008;Norte;CUPA;9C;0,385844444;-79,50803056;Torre Tensada;Terreno;Esmeraldas;Quinindé;GESM;DESINSTALADO
NTEMP025;Norte;CURVA_SANTA_ROSA;9A;;;;;Pichincha;QUITO;PICHINCHA;OPERATIVO
N050007;Norte;CUSUBAMBA;9C;-1,068922222;-78,69996944;Torre Autosoportada;Terreno;Cotopaxi;CUSUBAMBA;GAMB;OPERATIVO
N230037;Norte;DA_SANTO_DOMINGO;13C;;;;;;;GSTD;NUEVO
N170115;Norte;DAC;9C;-0,209808333;-78,50194444;Torreta;Terreno;Pichincha;QUITO;PICHINCHA;OPERATIVO
N170116;Norte;DAMMER;9F;-0,144744444;-78,47489167;Mástiles;Terraza;Pichincha;QUITO;PICHINCHA;OPERATIVO
N080009;Norte;DAN_PARAISO;9A;0,306861111;-79,31397222;Torre;Terreno;Esmeraldas;Sector  Paraíso / Quinindé;GESM;OPERATIVO
S090660;Sur;DAS_CERRO_DEL_CARMEN_1;9C;-2,181527778;-79,88205556;Poste;Terreno;Guayas;GUAYAQUIL;GUAYAS;OPERATIVO
STEMP051;Sur;DAS_CERRO_DEL_CARMEN_2;9F;-2,181527778;-79,88205556;Poste;Terreno;Guayas;GUAYAQUIL;GUAYAS;NUEVO
STEMP052;Sur;DAS_CERRO_DEL_CARMEN_3;9F;-2,181527778;-79,88205556;Poste;Terreno;Guayas;GUAYAQUIL;GUAYAS;NUEVO
STEMP053;Sur;DAS_CERRO_DEL_CARMEN_5;9F;-2,181527778;-79,88205556;Poste;Terreno;Guayas;GUAYAQUIL;GUAYAS;NUEVO
STEMP054;Sur;DAS_CERRO_DEL_CARMEN_7;9F;-2,181527778;-79,88205556;Poste;Terreno;Guayas;GUAYAQUIL;GUAYAS;NUEVO
N1701259;Norte;DAS_ELOY_ALFARO_ZAMBIZA_A;9F;-0,150888889;-78,46593889;Soportes;Terraza;Pichincha;QUITO;PICHINCHA;OPERATIVO
N1701441;Norte;DAS_PARQ_METROPOLITANO_1;9C;-0,178333333;-78,46686111;Poste;Terreno;Pichincha;QUITO;PICHINCHA;OPERATIVO
N1701442;Norte;DAS_PARQ_METROPOLITANO_2;9C;-0,182597222;-78,45987778;Poste;Terreno;Pichincha;QUITO;PICHINCHA;OPERATIVO
S090013;Sur;DAULE;8F;-1,863058333;-79,97480278;Torre Autosoportada;Terreno;Guayas;GUAYAQUIL;GUAYAS;OPERATIVO
N220002;Norte;DAYUMA;9A;-0,661072222;-76,87900278;Torre Autosoportada;Terreno;Orellana;DAYUMA;GORE;OPERATIVO
S030013;Sur;DELEG;9C;-2,765777778;-78,91738889;Monopolo;Terreno;Cañar;DELEG;CUENCA;OPERATIVO
S010011;Sur;DELEGSOL;9C;-2,990847222;-78,76653056;Torre;Terreno;Azuay;SAN MARTIN DE PUZHIO;CUENCA;OPERATIVO
S010012;Sur;DESVIO_A_NABON;9C;-3,219141667;-79,04056111;Torre Tensada;Terreno;Azuay;GIRON;CUENCA;OPERATIVO
S010013;Sur;DIEZ_DE_AGOSTO;9F;-2,911408333;-79,00241944;Mástiles;Terraza;Azuay;CUENCA;CUENCA;OPERATIVO
S090014;Sur;DON_BOSCO;9A;-1,498172222;-79,93706944;Torre Autosoportada;Terreno;Guayas;BALZAR;GUAYAS;OPERATIVO
N1701210;Norte;DOS_HERMANOS_TUMBACO;9C;-0,211111111;-78,41105556;Torreta;Terreno;Pichincha;QUITO;PICHINCHA;OPERATIVO
N170117;Norte;DOS_PUENTES;9C;-0,234002778;-78,52389722;Torreta;Terraza;Pichincha;QUITO;PICHINCHA;OPERATIVO
S030014;Sur;DUCUR;9A;-2,458058333;-79,11279444;Torre Autosoportada;Terreno;Cañar;DUCUR;CUENCA;OPERATIVO
S090119;Sur;DURAN;8F;-2,188891667;-79,81666944;Torre Autosoportada;Terreno;Guayas;Durán;GUAYAS;OPERATIVO
S090120;Sur;DURAN_ESTE;9C;-2,176361111;-79,82680556;Torre Autosoportada;Terreno;Guayas;Durán;GUAYAS;OPERATIVO
S090121;Sur;DURAN_NORTE;9A;-2,164169444;-79,83805833;Monopolo;Terreno;Guayas;Durán;GUAYAS;OPERATIVO
S090122;Sur;DURAN_SUR;9C;-2,168611111;-79,85166944;Monopolo;Terreno;Guayas;Durán;GUAYAS;OPERATIVO
S0900750;Sur;DURAN_INDUSTRIAL;9C;-2,18997;-79,8248;;;Guayas;DURAN;GUAYAS;OPERATIVO
N210002;Norte;DURENO;9A;0,062519444;-76,70528611;Torre Autosoportada;Terreno;Sucumbios;DURENO;GORE;OPERATIVO
S020003;Sur;ECHEANDIA;9C;-1,431672222;-79,25805833;Torre Tensada;Terreno;Bolivar;ECHEANDIA;GBABAHOYO;OPERATIVO
N170723;Norte;ECU911_ITCHIMBIA;9C;-0,219780556;-78,49864167;Soportes;IBS;Pichincha;QUITO;PICHINCHA;OPERATIVO
S090632;Sur;ECU911GYE;9C;-2,148638889;-79,86502778;Torreta;Terraza;Guayas;GUAYAQUIL;GUAYAS;OPERATIVO
S0902337;Sur;ECUASAL_GYE;9E;;;;;GUAYAS;GUAYAQUIL;GUAYAS;NUEVO
S090123;Sur;ECUATORIANA_DE_FUTBOL;9C;-2,160333333;-79,91269444;Torre Autosoportada;Terreno;Guayas;GUAYAQUIL;GUAYAS;OPERATIVO
N170826;Norte;ECUATORIANO_SUIZO;9F;-0,148972222;-78,49394444;Soportes;Terraza;Pichincha;QUITO;PICHINCHA;OPERATIVO
N1701489;Norte;ECUAVISA_UIO;9C;;;;;Pichincha;QUITO;PICHINCHA;OPERATIVO
N170118;Norte;EDEN_NORTE;9C;-0,130391667;-78,47500833;Torre Autosoportada;Terreno;Pichincha;QUITO;PICHINCHA;OPERATIVO
N1701103;Norte;EDF_BENALCAZAR_MIL_UIO;9F;-0,211305556;-78,5015;Soportes;Terraza;Pichincha;QUITO;PICHINCHA;OPERATIVO
N1701067;Norte;EDIFICIO_ORELLANA_UIO;9F;-0,200083333;-78,48261111;Soportes;Terraza;Pichincha;QUITO;PICHINCHA;OPERATIVO
S090407;Sur;EDIFICIO_PREVISORA_GYE;9C;-2,192027778;-79,87969444;Soportes;IBS;Guayas;GUAYAQUIL;GUAYAS;OPERATIVO
N170119;Norte;EDIFICIO_PUCARA;9F;-0,1937;-78,4846;Soportes;Terraza;Pichincha;QUITO;PICHINCHA;OPERATIVO
S090495;Sur;EDIFICIO_EL_CORREO;8C;;;;;El Oro;BALSAS;GUAYAS;OPERATIVO
N170120;Norte;EDUARDO_FRANCO;9F;-0,311688889;-78,54501389;Soportes;Terraza;Pichincha;QUITO;PICHINCHA;OPERATIVO
N170121;Norte;EINSTEIN;9F;-0,088419444;-78,47814167;Mástiles;Terraza;Pichincha;QUITO;PICHINCHA;OPERATIVO
N1701190;Norte;EJIDO_2;9F;-0,212083333;-78,49247222;Soportes;Terraza;Pichincha;QUITO;PICHINCHA;OPERATIVO
N1701459;Norte;EKOPARK_OUTDOOR;8C;;;;;;;PICHINCHA;NUEVO
S090441;Sur;EL_ALAMO_GYE;9C;-2,132580556;-79,86629444;Monopolo;Terreno;Guayas;GUAYAQUIL;GUAYAS;OPERATIVO
N040004;Norte;EL_ANGEL;9C;0,614172222;-77,93039167;Torre Autosoportada;Terreno;Carchi;EL ANGEL;GIBA;OPERATIVO
N1701277;Norte;EL_ARENAL_UIO;9C;-0,209805556;-78,37411111;Monopolo;Terreno;Pichincha;QUITO;PICHINCHA;OPERATIVO
N170143;Norte;EL_BEATERIO;9C;-0,320555556;-78,54890833;Torre Autosoportada;Terreno;Pichincha;QUITO;PICHINCHA;OPERATIVO
N170122;Norte;EL_BOSQUE;8K;-0,163713889;-78,49638611;Mástiles;Terraza;Pichincha;QUITO;PICHINCHA;OPERATIVO
N170828;Norte;EL_CALZADO;9F;-0,255558333;-78,53000278;Soportes;Terraza;Pichincha;QUITO;PICHINCHA;OPERATIVO
N170123;Norte;EL_CAMAL;9C;-0,245858333;-78,51724722;Torreta;Terreno;Pichincha;QUITO;PICHINCHA;OPERATIVO
S070005;Sur;EL_CAMBIO;9C;-3,283061111;-79,90363333;Torre Autosoportada;Terreno;El Oro;MACHALA;GELORO;OPERATIVO
N040005;Norte;EL_CAPOTE;9C;0,735019444;-77,72444444;Monopolo;Terreno;Carchi;TULCAN;GIBA;OPERATIVO
N170124;Norte;EL_CARMELO;8K;-0,159408333;-78,48516666;Torreta;Terraza;Pichincha;QUITO;PICHINCHA;OPERATIVO
S130027;Norte;EL_CARMEN_MANABI;9A;-0,272244444;-79,45773333;Monopolo;Terreno;Manabí;EL CARMEN;GSTD;OPERATIVO
N150005;Norte;EL_CHACO;9C;-0,343669444;-77,81112222;Torre Autosoportada;Terreno;Napo;EL CHACO;GTENA;OPERATIVO
S090125;Sur;EL_CISNE;9C;-2,213891667;-79,92666944;Torre Autosoportada;Terreno;Guayas;GUAYAQUIL;GUAYAS;OPERATIVO
S090015;Sur;EL_CISNE_SUR;9C;-2,225558333;-79,92694722;Monopolo;Terreno;Guayas;GUAYAQUIL;GUAYAS;OPERATIVO
N170125;Norte;EL_COMERCIO;8F;-0,2581;-78,5347;Torre Autosoportada;Suelo;Pichincha;QUITO;PICHINCHA;OPERATIVO
S090016;Sur;EL_CONGO;9C;-1,044458333;-79,69084722;Torre;Terreno;Guayas;El Congo;GQUEVEDO;OPERATIVO
N170126;Norte;EL_EDEN;9F;-0,131558333;-78,46725278;Mástiles;Terraza;Pichincha;QUITO;PICHINCHA;OPERATIVO
N1701159;Norte;EL_EDEN_2_UIO;9F;-0,132305556;-78,47813889;Soportes;Terraza;Pichincha;QUITO;PICHINCHA;OPERATIVO
N170127;Norte;EL_EJIDO;8F;-0,210847222;-78,49428056;Mástiles;Terraza;Pichincha;QUITO;PICHINCHA;OPERATIVO
S090017;Sur;EL_EMPALME;8F;-1,044727778;-79,63337222;Torre Autosoportada;Terreno;Guayas;El Empalme;GQUEVEDO;OPERATIVO
N230035;Norte;EL_FAISAN_STO_DOMINGO;9F;-0,263666667;-79,16897222;Soportes;Terraza;Santo Domingo;SANTO DOMINGO DE LOS COLORADOS;GSTD;OPERATIVO
S070006;Sur;EL_GUABO;8F;-3,248208333;-79,83152222;Torre Autosoportada;Terreno;El Oro;EL GUABO;GELORO;OPERATIVO
S070076;Sur;EL_GUABO_TELCONET;10E;-3,2439528;-79,82626;;;El Oro;El Guabo;GELORO;DESINSTALADO
N170128;Norte;EL_LABRADOR;9F;-0,153358333;-78,48380833;Mástiles;Terraza;Pichincha;QUITO;PICHINCHA;OPERATIVO
S090018;Sur;EL_LAUREL_GUAYAS;9C;-1,787280556;-79,90667222;Torre;Terreno;Guayas;LAUREL;GUAYAS;OPERATIVO
N130144;Norte;EL_MAICITO;9B;-0,285308333;-79,61334444;Torre Autosoportada;Terreno;Manabí;El Carmen - El Maicito;GSTD;OPERATIVO
N170129;Norte;EL_MANANTIAL;9C;-0,316394444;-78,55528889;Monopolo;Terreno;Pichincha;QUITO;PICHINCHA;OPERATIVO
N1701477;Norte;EL_MERCURIO_UIO;9C;-0,174528;-78,4775;Torreta;Terraza;Pichincha;QUITO;PICHINCHA;OPERATIVO
N170130;Norte;EL_MORLAN;9C;-0,146030556;-78,47916944;Torre Autosoportada;Terreno;Pichincha;QUITO;PICHINCHA;OPERATIVO
N170131;Norte;EL_PEDREGAL;9F;-0,139808333;-78,5014;Mástiles;Terraza;Pichincha;QUITO;PICHINCHA;OPERATIVO
N170132;Norte;EL_PINTADO;8F;-0,247508333;-78,53453056;Mástiles;Terraza;Pichincha;QUITO;PICHINCHA;OPERATIVO
S090630;Sur;EL_PORVENIR_GUAYAS;9C;-1,104777778;-79,65791667;Torre;Terreno;Guayas;El Porvenir;GQUEVEDO;OPERATIVO
N210003;Norte;EL_PROYECTO;9A;-0,173894444;-76,83361944;Torre Autosoportada;Terreno;Sucumbios;SAN PEDRO DE LOS COFANES;GORE;OPERATIVO
S090605;Sur;EL_RECREO_DURAN;9C;-2,165805556;-79,79647222;Monopolo;Terreno;Guayas;Guayaquil;GUAYAS;OPERATIVO
S090208;Sur;EL_RECREO_ETAPA_3;9C;-2,173636111;-79,80214167;Torre Autosoportada;Terreno;Guayas;Durán;GUAYAS;OPERATIVO
S090126;Sur;EL_RECREO_GYE;9C;-2,141947222;-79,76530833;Torre Tensada;Terreno;Guayas;SAN JACINTO DE YAGUACHI;GUAYAS;OPERATIVO
S070007;Sur;EL_RETIRO;9A;-3,381669444;-79,91224722;Torre Autosoportada;Terreno;El Oro;EL RETIRO;GELORO;OPERATIVO
N100042;Norte;EL_RETORNO_IBARRA;9C;0,335805556;-78,11588889;Torreta;Terreno;Imbabura;SAN MIGUEL DE IBARRA;GIBA;OPERATIVO
S090019;Sur;EL_ROSARIO;9C;-1,032752778;-79,74405833;Torre;Terreno;Guayas;EL ROSARIO;GQUEVEDO;OPERATIVO
S090600;Sur;EL_ROSARIO_GYE;9C;-2,188555556;-80,00533333;Monopolo;Terreno;Guayas;GUAYAQUIL;GUAYAS;OPERATIVO
N1701221;Norte;EL_ROSARIO_POMASQUI;9F;-0,043333333;-78,44463889;Soportes;Terraza;Pichincha;QUITO;PICHINCHA;OPERATIVO
N080010;Norte;EL_ROTO;9A;0,576558333;-79,57611944;Torre Autosoportada;Terreno;Esmeraldas;CUBE;GESM;OPERATIVO
S090020;Sur;EL_SALITRE;9C;-1,837169444;-79,81610556;Torre Autosoportada;Terreno;Guayas;Urbina Jado;GUAYAS;OPERATIVO
N050009;Norte;EL_SALTO;9F;-0,930722222;-78,61894444;Mástiles;Terraza;Cotopaxi;LATACUNGA;GAMB;OPERATIVO
N0800075;Norte;EL_SALTO_ESME;9C;0,654472;-79,9179;;;Esmeraldas;SAN FRANCISCO;GESM;OPERATIVO
S090127;Sur;EL_SOL;8F;-2,151669444;-79,89139167;Torre Autosoportada;Terreno;Guayas;GUAYAQUIL;GUAYAS;OPERATIVO
N170133;Norte;EL_TEJAR;8F;-0,216058333;-78,51612222;Mástiles;Terraza;Pichincha;QUITO;PICHINCHA;OPERATIVO
N170705;Norte;EL_TINGO;9C;-0,288625;-78,43919722;Monopolo;Terreno;Pichincha;QUITO;PICHINCHA;OPERATIVO
N170134;Norte;EL_TREBOL;9F;-0,232797222;-78,50639167;Mástiles;Terraza;Pichincha;QUITO;PICHINCHA;OPERATIVO
S090021;Sur;EL_TRIUNFO;8F;-2,330647222;-79,40514444;Torre Autosoportada;Terreno;Guayas;EL TRIUNFO;GUAYAS;OPERATIVO
S090022;Sur;EL_TRIUNFO_CENTRO;9C;-2,330780556;-79,40205833;Torreta;Terraza;Guayas;EL TRIUNFO;GUAYAS;OPERATIVO
S090128;Sur;EL_UNIVERSO;9C;-2,231944444;-79,88583333;Monopolo;Terreno;Guayas;GUAYAQUIL;GUAYAS;OPERATIVO
N080011;Norte;EL_VERGEL;9A;0,481641667;-79,52445833;Torre;Terreno;Esmeraldas;CUBE;GESM;OPERATIVO
S010014;Sur;EL_ARENAL;8F;-2,900308333;-79,02916944;Monopolo;Terreno;Azuay;CUENCA;CUENCA;OPERATIVO
S010103;Sur;EL_ARENAL_NORTE;9C;-2,895558333;-79,03028056;Torreta;Terraza;Azuay;CUENCA;CUENCA;OPERATIVO
S010167;Sur;EL_BARRANCO_CUENCA;9F;-2,901361111;-79,00552778;Soportes;Terraza;Azuay;CUENCA;CUENCA;OPERATIVO
S010015;Sur;EL_CAJAS;9C;-2,777277778;-79,16858333;Torre Autosoportada;Terreno;Azuay;SAYAUSI;CUENCA;OPERATIVO
S010016;Sur;EL_CARMEN_DE_JADAN;9C;-2,880502778;-78,85502222;Torre Autosoportada;Terreno;Azuay;JADAN;CUENCA;OPERATIVO
N050008;Sur;EL_CORAZON;9C;-1,135558333;-79,07668611;Monopolo;Terreno;Cotopaxi;EL CORAZON;GQUEVEDO;OPERATIVO
S120007;Sur;EL_LAUREL;8F;-1,336752778;-79,41556944;Torre Autosoportada;Terreno;Los Ríos;ZAPOTAL;GBABAHOYO;OPERATIVO
S130123;Sur;EL_PALMAR_MANTA;9C;-0,960919444;-80,69291944;Monopolo;Terreno;Manabí;MANTA;GMANTA;OPERATIVO
S190001;Sur;EL_PANGUI_S;9C;-3,625027778;-78,59794444;Monopolo;Terreno;Zamora Chinchipe;EL PANGUI;GLOJA;OPERATIVO
S010121;Sur;EL_PARAISO_CUENCA;9F;-2,906361111;-78,98758333;Soportes;Terraza;Azuay;CUENCA;CUENCA;OPERATIVO
S130028;Sur;EL_PASEO_MANTA;9A;-0,966677778;-80,70455;Monopolo;Terreno;Manabí;MANTA;GMANTA;OPERATIVO
S010176;Sur;EL_PUNTO_CUENCA;9C;-2,889222222;-79,02183333;Monopolo;Terreno;Azuay;CUENCA;CUENCA;OPERATIVO
S010122;Sur;EL_VERGEL_CUENCA;9C;-2,913780556;-78,99501667;Monopolo;Terreno;Azuay;CUENCA;CUENCA;OPERATIVO
N170135;Norte;ELOY_ALFARO;9C;-0,165536111;-78,46841111;Monopolo;Terreno;Pichincha;QUITO;PICHINCHA;OPERATIVO
S090558;Sur;ELOY_ALFARO_GYE;9C;-2,203444444;-79,88458333;Torreta;Terraza;Guayas;GUAYAQUIL;GUAYAS;OPERATIVO
N1701246;Norte;ELOY_ALFARO_SHYRIS_UIO;9F;-0,189555556;-78,48319444;Soportes;Terraza;Pichincha;QUITO;PICHINCHA;OPERATIVO
S130029;Sur;ELOY_ALFARO_MANABI;9A;-0,403108333;-80,07746944;Torre Autosoportada;Terreno;Manabí;ELOY ALFARO;GCHONE;OPERATIVO
N170136;Norte;EMAAP;8F;-0,189030556;-78,48930833;Mástiles;Terraza;Pichincha;QUITO;PICHINCHA;OPERATIVO
N100034;Norte;EMPRESA_ELECTRICA_IBARRA;9F;0,353972222;-78,11930556;Soportes;Terraza;Imbabura;SAN MIGUEL DE IBARRA;GIBA;OPERATIVO
N1701191;Norte;EMPRESA_ELECTRICA_UIO;9F;-0,189472222;-78,49269444;Soportes;Terraza;Pichincha;QUITO;PICHINCHA;OPERATIVO
S190002;Sur;ENCUENTROS_KINROSS;9C;-3,768611111;-78,64136389;Torre Autosoportada;Terreno;Zamora Chinchipe;LOS ENCUENTROS;GLOJA;OPERATIVO
N220032;Norte;ENOKANQUI;9C;-0,221222222;-76,84297222;Torre;Terreno;Orellana;ENOKANQUI;GORE;OPERATIVO
N100004;Norte;ENTRADA_A_COTACACHI;9E;0,270561111;-78,25056111;Torre Autosoportada;Terreno;Imbabura;SAN JUAN DE ILUMAN;GIBA;OPERATIVO
N060006;Norte;ENTRADA_A_RIOBAMBA;8F;-1,655808333;-78,66529444;Mástiles;Terraza;Chimborazo;RIOBAMBA;GRBA;OPERATIVO
N0500061;Norte;ENTRADA_CHAUPI;9C;-0,581389;-78,6067;;;Pichincha;MACHACHI;PICHINCHA;OPERATIVO
N230007;Norte;ENTRADA_SANTO_DOMINGO;9E;-0,246780556;-79,15003056;Torre Autosoportada;Terreno;Santo Domingo;SANTO DOMINGO DE LOS COLORADOS;GSTD;OPERATIVO
S240008;Sur;ENTRADA_A_CHANDUY;9C;-2,296530556;-80,70468889;Torre Autosoportada;Terreno;Santa Elena;SANTA ELENA;GSTAELENA;OPERATIVO
N1702179;Norte;ENTRADA_A_CHILLOGALLO;9E;;;;;;;PICHINCHA;NUEVO
N1702196;Norte;ENTRADA_A_LA_VINA;9F;;;;;;;PICHINCHA;NUEVO
S090669;Sur;ENTRE_LAGOS;9C;-2,088888889;-79,87188889;Monopolo;Terreno;Guayas;GUAYAQUIL;GUAYAS;OPERATIVO
N170829;Norte;EPLICACHIMA_UIO;9C;-0,265222222;-78,52555556;Torreta;Terreno;Pichincha;QUITO;PICHINCHA;OPERATIVO
N170137;Norte;EQUUS;8C;-0,187444444;-78,48;Mástiles;Terraza;Pichincha;QUITO;PICHINCHA;OPERATIVO
N080013;Norte;ERD_24_DECAMERON;9C;0,492491667;-80,04551111;Monopolo;Terreno;Esmeraldas;BOLIVAR;GESM;OPERATIVO
N170713;Norte;ERD_48_GUAYLLABAMBA;9C;-0,044727778;-78,34389722;Monopolo;Terreno;Pichincha;GUAYLLABAMBA;PICHINCHA;OPERATIVO
N170152;Norte;ERD_48_LA_CERAMICA;9C;-0,223633333;-78,39461389;Torre Autosoportada;Terreno;Pichincha;QUITO;PICHINCHA;OPERATIVO
N170138;Norte;ERD_48_MALCHINGUI;9C;0,055669444;-78,34056111;Torre Tensada;Terreno;Pichincha;MALCHINGUI;PICHINCHA;OPERATIVO
N170139;Norte;ERD_48_PACTO;9C;0,147911111;-78,77358056;Torre Autosoportada;Terreno;Pichincha;PACTO;PICHINCHA;OPERATIVO
N170153;Norte;ERD_48_PERUCHO;9C;0,11753;-78,42241;Torre Autosoportada;Suelo;Pichincha;PERUCHO;GIBA;OPERATIVO
N170140;Norte;ERD_AEROPUERTO_TABABELA;8F;-0,119463889;-78,3478;Monopolo;Terreno;Pichincha;QUITO;PICHINCHA;OPERATIVO
N080012;Norte;ERD_CASTELNOVO;9C;0,878636111;-79,83039167;Monopolo;Terreno;Esmeraldas;ATACAMES;GESM;OPERATIVO
S070008;Sur;ERD_CHILLA_CENTRO;9C;-3,45725;-79,57841667;Monopolo;Terreno;El Oro;CHILLA;GELORO;OPERATIVO
N170141;Norte;ERD_CIUDADELA_DEL_EJERCITO;9C;-0,310141667;-78,55416944;Torre Autosoportada;Terreno;Pichincha;QUITO;PICHINCHA;OPERATIVO
N170142;Norte;ERD_CONFITECA;9C;-0,299216667;-78,54346111;Monopolo;Terreno;Pichincha;QUITO;PICHINCHA;OPERATIVO
S090118;Sur;ERD_DESVIO_A_SAMBORONDON;9C;-2,042247222;-79,86589167;Torre Autosoportada;Terreno;Guayas;GUAYAQUIL;GUAYAS;OPERATIVO
N170144;Norte;ERD_FACULTAD_DE_FILOSOFIA;8K;-0,197797222;-78,50258611;Mástiles;Terraza;Pichincha;QUITO;PICHINCHA;OPERATIVO
N170145;Norte;ERD_JACARANDA;9C;-0,187308333;-78,42939167;Torre Autosoportada;Terreno;Pichincha;QUITO;PICHINCHA;OPERATIVO
N050011;Norte;ERD_LATACUNGA_UNIVERSIDAD_TECNICA;9C;-0,920016667;-78,63056389;Torre Autosoportada;Terreno;Cotopaxi;LATACUNGA;GAMB;OPERATIVO
N170146;Norte;ERD_MATERNIDAD;9C;-0,213908333;-78,49953056;Polos;Terraza;Pichincha;QUITO;PICHINCHA;OPERATIVO
N170147;Norte;ERD_NUEVA_AURORA;9C;-0,320277778;-78,55334444;Torre Autosoportada;Terreno;Pichincha;QUITO;PICHINCHA;OPERATIVO
N170148;Norte;ERD_PFIZER;9C;-0,097308333;-78,48789167;Torre Autosoportada;Terreno;Pichincha;QUITO;PICHINCHA;OPERATIVO
N1701160;Norte;ERD_PRIMAVERA_2;9E;-0,218611111;-78,43905833;Monopolo;Terreno;Pichincha;QUITO;PICHINCHA;OPERATIVO
N040006;Norte;ERD_SANTA_MARTA_DE_CUBA;9C;0,639722222;-77,75103056;Torre Autosoportada;Terreno;Carchi;ERD SANTA MARTA DE CUBA;GIBA;OPERATIVO
N170150;Norte;ERD_T_QUITUMBE;9C;-0,296454;-78,555353;Monopolo;Suelo;Pichincha;QUITO;PICHINCHA;OPERATIVO
N170151;Norte;ERD_TABABELA;8K;-0,176688889;-78,34417778;Monopolo;Terreno;Pichincha;QUITO;PICHINCHA;OPERATIVO
N170897;Norte;ERD_TERMINAL_AEROPUERTO;8K;-0,123333333;-78,36277778;Monopolo;Terreno;Pichincha;QUITO;PICHINCHA;OPERATIVO
S090132;Sur;ERD_WTC_GYE;9C;-2,163805556;-79,8965;Monopolo;Terreno;Guayas;GUAYAQUIL;GUAYAS;OPERATIVO
S130032;Sur;ERD_48_PORTOVIEJO_SUR_OESTE;9C;-1,076861111;-80,45436111;Monopolo;Terreno;Manabí;PORTOVIEJO;GPORTOV;OPERATIVO
S010153;Sur;ERD_48_SOPLADORA;9C;-2,609555556;-78,45072222;Torre;Terreno;Azuay;AMALUZA;CUENCA;OPERATIVO
S130017;Sur;ERD_CDLA_DEL_MAESTRO;9C;-1,037669444;-80,46800278;Monopolo;Terreno;Manabí;PORTOVIEJO;GPORTOV;OPERATIVO
S010017;Sur;ERD_FEDERACION_DE_ARTESANOS;9C;-2,89335;-79,00222222;Torre Autosoportada;Terreno;Azuay;CUENCA;CUENCA;OPERATIVO
S030017;Sur;ERD_GUARUMALES;9C;-2,571666667;-78,5125;Torre Autosoportada;Terreno;Morona Santiago;SANTIAGO DE MENDEZ;CUENCA;OPERATIVO
S130159;Sur;ERD_JARAMIJO;9C;-0,947222222;-80,63827778;Torre Autosoportada;Terreno;Manabí;MANTA;GMANTA;DESINSTALADO
S010156;Sur;ERD_MICRO_SHUMIRAL;9C;-2,980283333;-79,68473611;Torre Autosoportada;Terreno;Azuay;CAMILO PONCE ENRIQUEZ;GELORO;OPERATIVO
N180018;Norte;ERD48_TRIUNFO_PATATE;9C;-1,300388889;-78,41222222;Torre Autosoportada;Terreno;Tungurahua;EL TRIUNFO;GRBA;OPERATIVO
S140001;Sur;ERD48_GUALAQUIZA;9C;-3,398055556;-78,55913889;Torre Autosoportada;Terreno;Morona Santiago;GUALAQUIZA;GLOJA;OPERATIVO
N170971;Norte;ESCUELA_SUPERIOR_DE_POLICIA;9F;-0,072194444;-78,48002778;Soportes;Terraza;Pichincha;QUITO;PICHINCHA;OPERATIVO
N0800076;Norte;ESME_MACARA;9C;0,766139;-79,929;;;Esmeraldas;TONCHIGUE;GESM;OPERATIVO
N080014;Norte;ESMERALDAS;8C;0,946308333;-79,66286111;Torre Autosoportada;Terreno;Esmeraldas;ESMERALDAS;GESM;OPERATIVO
N080015;Norte;ESMERALDAS_CENTRO;9E;0,964744444;-79,652125;Torre Autosoportada;Terreno;Esmeraldas;ESMERALDAS;GESM;OPERATIVO
N080016;Norte;ESMERALDAS_OESTE;9C;0,973333333;-79,6725;Torre Autosoportada;Terreno;Esmeraldas;ESMERALDAS;GESM;OPERATIVO
N080017;Norte;ESMERALDAS_SUR;9A;0,930058333;-79,67556944;Monopolo;Terreno;Esmeraldas;ESMERALDAS;GESM;OPERATIVO
N170831;Norte;ESMIL;9F;-0,091402778;-78,48751111;Soportes;Terraza;Pichincha;QUITO;PICHINCHA;OPERATIVO
N170154;Norte;ESPE;9C;-0,320572222;-78,44211389;Monopolo;Terreno;Pichincha;QUITO;PICHINCHA;OPERATIVO
N170832;Norte;ESPERANZA_TUMBACO;9C;-0,191175;-78,38507778;Monopolo;Terreno;Pichincha;QUITO;PICHINCHA;OPERATIVO
N060007;Norte;ESPOCH;9E;-1,656394444;-78,68028611;Torre Autosoportada;Terreno;Chimborazo;RIOBAMBA;GRBA;OPERATIVO
S090133;Sur;ESPOL;9C;-2,147222222;-79,96361111;Monopolo;Terreno;Guayas;GUAYAQUIL;GUAYAS;OPERATIVO
N170155;Norte;ESTADIO_ATAHUALPA;9C;-0,178388889;-78,47727778;Mástiles;Terraza;Pichincha;QUITO;PICHINCHA;DESINSTALADO
N170156;Norte;ESTADIO_ATAHUALPA_2;9F;-0,177516667;-78,47556944;Soportes;Terraza;Pichincha;QUITO;PICHINCHA;OPERATIVO
S090443;Sur;ESTADIO_BARCELONA;9C;-2,187405556;-79,92736111;Monopolo;Terreno;Guayas;GUAYAQUIL;GUAYAS;OPERATIVO
S0900753;Sur;ESTADIO_BARCELONA_ESTE;9C;;;;;;;GUAYAS;NUEVO
S090559;Sur;ESTADIO_MODELO;9C;-2,178861111;-79,89341667;Torreta;Terraza;Guayas;GUAYAQUIL;GUAYAS;OPERATIVO
S130192;Sur;ESTADIO_PORTOVIEJO;9C;-1,047972222;-80,45602778;Torreta;Terreno;Manabí;PORTOVIEJO;GPORTOV;OPERATIVO
S090027;Sur;ESTERO_LOS_ARUPOS;9A;-2,255308333;-79,31605833;Monopolo;Terreno;Guayas;Estero el Arupo;GUAYAS;OPERATIVO
N170404;Norte;EUGENIO_ESPEJO;9F;-0,221333333;-78,51272222;Soportes;Terraza;Pichincha;QUITO;PICHINCHA;OPERATIVO
N1701242;Norte;EXTERNAL;9C;;;;;;;PICHINCHA;OPERATIVO
N1701202;Norte;FABRICAS_DEL_SUR_UIO;9C;-0,352083333;-78,53980556;Monopolo;Terreno;Pichincha;QUITO;PICHINCHA;OPERATIVO
S090134;Sur;FACTORY;9B;-2,125558333;-79,93416944;Torre Autosoportada;Terreno;Guayas;GUAYAQUIL;GUAYAS;OPERATIVO
N170972;Norte;FACULTAD_MEDICINA;9F;-0,217805556;-78,49963889;Soportes;Terraza;Pichincha;QUITO;PICHINCHA;OPERATIVO
S090135;Sur;FAE;8F;-2,168891667;-79,88472222;Torre Autosoportada;Terreno;Guayas;GUAYAQUIL;GUAYAS;OPERATIVO
N050050;Norte;FAE_LATACUNGA;9C;-0,920388889;-78,62263889;Torre Autosoportada;Terreno;Cotopaxi;LATACUNGA;GAMB;DESINSTALADO
N1701279;Norte;FAJARDO;9C;-0,3355;-78,465;;;Pichincha;QUITO;PICHINCHA;OPERATIVO
N170834;Norte;FARSALIA_ALTA;9F;-0,141805556;-78,47025;Soportes;Terraza;Pichincha;QUITO;PICHINCHA;OPERATIVO
N160014;Norte;FATIMA_PUYO;9C;-1,434388889;-77,99475;Torre;Terreno;Pastaza;FATIMA;GTENA;OPERATIVO
S010158;Sur;FATIMA_CUENCA;9F;-2,909586111;-79,02369722;Soportes;Terraza;Azuay;CUENCA;CUENCA;OPERATIVO
S120008;Sur;FEBRES_CORDERO;9C;-1,994752778;-79,35266944;Torre Autosoportada;Terreno;Los Ríos;Mata de Cacao/Febres Cordero;GBABAHOYO;OPERATIVO
N170964;Norte;FEDERICO_PAEZ;9F;-0,185444444;-78,47411111;Soportes;Terraza;Pichincha;QUITO;PICHINCHA;OPERATIVO
S090136;Sur;FERIA_DE_DURAN;9C;-2,189927778;-79,83655555;Monopolo;Suelo;Guayas;Duran;GUAYAS;OPERATIVO
N170157;Norte;FERROVIARIA_ALTA;9F;-0,251669444;-78,51628056;Mástiles;Terraza;Pichincha;QUITO;PICHINCHA;OPERATIVO
S090137;Sur;FERTISA;9C;-2,254972222;-79,90138889;Monopolo;Terreno;Guayas;GUAYAQUIL;GUAYAS;DESINSTALADO
N180019;Norte;FICOA;9A;-1,247608333;-78,64361667;Torreta;Terraza;Tungurahua;AMBATO;GAMB;OPERATIVO
N170717;Norte;FINLANDIA;8K;-0,180888889;-78,48038889;Soportes;Terraza;Pichincha;QUITO;PICHINCHA;OPERATIVO
N170836;Norte;FLACSO;9F;-0,194222222;-78,4865;Soportes;Terraza;Pichincha;QUITO;PICHINCHA;OPERATIVO
S090028;Sur;FLANDES;9C;-2,635011111;-79,66878056;Torre Autosoportada;Terreno;Guayas;SANTA ROSA DE FLANDES;GUAYAS;OPERATIVO
N1701386;Norte;FLAVIO_ALFARO_QUITO;9F;-0,123805556;-78,50086111;Soportes;Terraza;Pichincha;QUITO;PICHINCHA;OPERATIVO
S130136;Sur;FLAVIO_ALFARO;9A;-0,415858333;-79,93640833;Torre Autosoportada;Terreno;Manabí;FLAVIO ALFARO;GCHONE;OPERATIVO
S090138;Sur;FLOR_DE_BASTION;8F;-2,106119444;-79,96141111;Torre Autosoportada;Terreno;Guayas;GUAYAQUIL;GUAYAS;OPERATIVO
S0902329;Sur;FLOR_DE_BASTION_NORTE;9E;;;;;GUAYAS;GUAYAQUIL;GUAYAS;NUEVO
S090139;Sur;FLOR_DE_LIZ;9C;-2,145558333;-79,89694444;Torreta;Terraza;Guayas;GUAYAQUIL;GUAYAS;OPERATIVO
N060051;Norte;FLORES;9C;-1,797169444;-78,62853056;Torre Autosoportada;Terreno;Chimborazo;LICTO;GRBA;OPERATIVO
N170158;Norte;FLORESTA;8K;-0,206394444;-78,48139722;Mástiles;Terraza;Pichincha;QUITO;PICHINCHA;OPERATIVO
S090140;Sur;FLORIDA_OESTE;9C;-2,12;-79,95305556;Monopolo;Terreno;Guayas;GUAYAQUIL;GUAYAS;OPERATIVO
N170159;Norte;FLORIDA_OESTE_UIO;9C;-0,142780556;-78,49751111;Torre Autosoportada;Terreno;Pichincha;QUITO;PICHINCHA;OPERATIVO
S090524;Sur;FLORIDA_SUR_GYE;9C;-2,129222222;-79,95386111;Monopolo;Terreno;Guayas;GUAYAQUIL;GUAYAS;OPERATIVO
N170160;Norte;FORESTAL;9E;-0,255530556;-78,51946111;Monopolo;Terreno;Pichincha;QUITO;PICHINCHA;OPERATIVO
N1702204;Norte;FORESTAL_BAJA;#N/D;;;;;;;PICHINCHA;NUEVO
S010168;Sur;FRANCISCO_ASCAZUBI_CUENCA;9C;-2,916125;-79,0428;Monopolo;Terreno;Azuay;CUENCA;CUENCA;OPERATIVO
S090141;Sur;FUERTE_HUANCAVILCA;8F;-2,109169444;-79,93083333;Monopolo;Terreno;Guayas;GUAYAQUIL;GUAYAS;OPERATIVO
S090671;Sur;FUERTE_HUANCAVILCA_NORTE;9C;-2,1045;-79,93938889;Monopolo;Terreno;Guayas;GUAYAQUIL;GUAYAS;OPERATIVO
N170161;Norte;FUNDEPORTE;9A;-0,291391667;-78,56028333;Monopolo;Terreno;Pichincha;QUITO;PICHINCHA;OPERATIVO
N1701230;Norte;GAMA_TV_UIO;9C;-0,164444444;-78,46644444;Polos;Terraza;Pichincha;QUITO;PICHINCHA;OPERATIVO
N1701413;Norte;GANADEROS_ORENSES;9C;-0,054111111;-78,97005556;Torre;Terreno;Pichincha;SAN MIGUEL DE LOS BANCOS;GSTD;OPERATIVO
S090142;Sur;GARAY;9C;-2,193058333;-79,90389167;Torre Autosoportada;Terreno;Guayas;GUAYAQUIL;GUAYAS;OPERATIVO
S090143;Sur;GARAY_SUR;9C;-2,201111111;-79,90278056;Monopolo;Terreno;Guayas;GUAYAQUIL;GUAYAS;OPERATIVO
S090144;Sur;GARCIA_MORENO;9F;-2,207502778;-79,90194444;Mástiles;Terraza;Guayas;GUAYAQUIL;GUAYAS;OPERATIVO
S090145;Sur;GARZOTA;8F;-2,141944444;-79,88694444;Torre Autosoportada;Terreno;Guayas;GUAYAQUIL;GUAYAS;OPERATIVO
S090569;Sur;GARZOTA_2;9F;-2,145858333;-79,88946667;Mástiles;Terraza;Guayas;GUAYAQUIL;GUAYAS;OPERATIVO
S090591;Sur;GARZOTA_NORTE_GYE;9F;-2,13825;-79,88508333;Soportes;Terraza;Guayas;GUAYAQUIL;GUAYAS;OPERATIVO
N170163;Norte;GASPAR_DE_VILLAROEL;8K;-0,171122222;-78,47105833;Mástiles;Terraza;Pichincha;QUITO;PICHINCHA;OPERATIVO
N170164;Norte;GATAZO;9F;-0,263611111;-78,54391944;Mástiles;Terraza;Pichincha;QUITO;PICHINCHA;OPERATIVO
N060010;Norte;GATAZO_GRANDE;9A;-1,661408333;-78,75016944;Torre Autosoportada;Terreno;Chimborazo;Gatazo Grande;GRBA;OPERATIVO
S030015;Sur;GENERAL_MORALES;9C;-2,418058333;-79,01834444;Torre Autosoportada;Terreno;Cañar;General Morales;CUENCA;OPERATIVO
S090029;Sur;GENERAL_VERNAZA_GYE;9C;-1,766686111;-79,78889444;Torre Autosoportada;Terreno;Guayas;GUAYAQUIL;GUAYAS;OPERATIVO
N010159;Sur;GIL_RAMIREZ_DAVALOS;9F;-2,884277778;-78,98433333;Soportes;Terraza;Azuay;CUENCA;CUENCA;OPERATIVO
S010019;Sur;GIRON;9B;-3,161266667;-79,15314167;Torre Autosoportada;Terreno;Azuay;GIRON;CUENCA;OPERATIVO
N1702187;Norte;GIRON_UIO;9E;;;;;PICHINCHA;QUITO;PICHINCHA;NUEVO
N170165;Norte;GONZALES_SUAREZ;8K;-0,193919444;-78,47730833;Mástiles;Terraza;Pichincha;QUITO;PICHINCHA;OPERATIVO
S110006;Sur;GONZANAMA;8F;-4,236961111;-79,395;Torre Autosoportada;Terreno;Loja;Gonzanamá;GLOJA;OPERATIVO
S090146;Sur;GOYENA;9C;-2,204447222;-79,91728056;Torre Autosoportada;Terreno;Guayas;GUAYAQUIL;GUAYAS;OPERATIVO
N1701077;Norte;GRAN_BRETANA_UIO;9F;-0,184083333;-78,50802778;Soportes;Terraza;Pichincha;QUITO;PICHINCHA;OPERATIVO
S010098;Sur;GRAN_COLOMBIA;9C;-2,896127778;-79,00335556;Torreta;Terraza;Azuay;CUENCA;CUENCA;OPERATIVO
S140021;Sur;GRANADILLA_TELCONET;10E;-3,2096611;-78,75304722;;;Morona Santiago;GUALAQUIZA;CUENCA;OPERATIVO
N170166;Norte;GRANADOS;8F;-0,168897222;-78,47583611;Mástiles;Terraza;Pichincha;QUITO;PICHINCHA;OPERATIVO
N170167;Norte;GRANDA_CENTENO;8K;-0,171780556;-78,49751944;Mástiles;Terraza;Pichincha;QUITO;PICHINCHA;OPERATIVO
S090030;Sur;GRANJAS_BUCAY;9A;-2,154725;-79,22724722;Torre Tensada;Terreno;Guayas;Bucay;GUAYAS;OPERATIVO
N150025;Norte;GUACAMAYOS;8C;-0,622322;-77,8401;;;Napo;COSANGA;GTENA;OPERATIVO
S110030;Sur;GUACHAURCO;8C;-4,037333333;-79,87119444;;;Loja;CELICA;GLOJA;OPERATIVO
N170168;Norte;GUAJALO;8C;-0,282455556;-78,52484167;Torre Autosoportada;Terreno;Pichincha;QUITO;PICHINCHA;OPERATIVO
S010020;Sur;GUALACEO;8F;-2,880022222;-78,79705833;Torre Autosoportada;Terreno;Azuay;GUALACEO;CUENCA;OPERATIVO
S010022;Sur;GUALACEO_2;#N/D;-2,880222222;-78,79705556;Torre Autosoportada;Terreno;Azuay;GUALACEO;CUENCA;DESINSTALADO
S010021;Sur;GUALACEO_CENTRO;9C;-2,889308333;-78,78455833;Monopolo;Terreno;Azuay;GUALACEO;CUENCA;OPERATIVO
N170169;Norte;GUALAQUINCHA;9A;-0,088622222;-78,41363611;Torre Autosoportada;Terreno;Pichincha;QUITO;PICHINCHA;OPERATIVO
S140007;Sur;GUALAQUIZA_TELCONET;10E;-3,4036667;-78,5795;;;Morona Santiago;Gualaquiza;CUENCA;OPERATIVO
S130033;Sur;GUALE;9A;-1,618897222;-80,23695;Torre Autosoportada;Terreno;Manabí;GUALE;GPORTOV;OPERATIVO
S030016;Sur;GUALLETURO;8F;-2,489055556;-79,10369444;Torre Tensada;Terreno;Cañar;SUSCAL;CUENCA;OPERATIVO
S010023;Sur;GUALLIL;8F;-3,07535;-78,81640278;Torre Autosoportada;Terreno;Azuay;Sigsig;CUENCA;OPERATIVO
N170692;Norte;GUAMANI;8C;-0,322322222;-78,19413056;;;Pichincha;QUITO;PICHINCHA;OPERATIVO
N170170;Norte;GUAMANI_ALTO;9C;-0,334780556;-78,55557222;Torre Autosoportada;Terreno;Pichincha;QUITO;PICHINCHA;OPERATIVO
N150028;Norte;GUAMANI_VIA_LORETO;9C;-0,717833333;-77,60794444;Torre;Terreno;Napo;HATUN SUMAKU;GTENA;OPERATIVO
S060045;Norte;GUAMOTE;9C;-1,932530556;-78,71751111;Torre Autosoportada;Terreno;Chimborazo;GUAMOTE;GRBA;OPERATIVO
N170171;Norte;GUANGOPOLO;9C;-0,258919444;-78,45279444;Torre Autosoportada;Terreno;Pichincha;QUITO;PICHINCHA;OPERATIVO
N170172;Norte;GUANGUILTAHUA;8K;-0,177519444;-78,47339167;Mástiles;Terraza;Pichincha;QUITO;PICHINCHA;OPERATIVO
N060011;Norte;GUANO;9A;-1,581669444;-78,6575;Torre Autosoportada;Terreno;Chimborazo;GUANO;GRBA;OPERATIVO
N060012;Norte;GUANO_CENTRO;9C;-1,607236111;-78,64335833;Monopolo;Terreno;Chimborazo;GUANO;GRBA;OPERATIVO
N020013;Sur;GUANUJO;9C;-1,557522222;-79,00861944;Torre Autosoportada;Terreno;Bolivar;GUARANDA;GBABAHOYO;OPERATIVO
N170173;Norte;GUAPULO;8K;-0,198347222;-78,47841944;Mástiles;Terraza;Pichincha;QUITO;PICHINCHA;OPERATIVO
N020004;Sur;GUARANDA;9D;-1,585094444;-78,99555833;Torre Autosoportada;Terreno;Bolivar;GUARANDA;GBABAHOYO;OPERATIVO
N020016;Sur;GUARANDA_CENTRO;9C;-1,5915;-79;;;Bolivar;GUARANDA;GBABAHOYO;OPERATIVO
S120009;Sur;GUARE;9C;-1,672783333;-79,70446944;Torre Autosoportada;Terreno;Los Ríos;GUARE;GBABAHOYO;OPERATIVO
S090147;Sur;GUASMO;8C;-2,247502778;-79,90139167;Torre Autosoportada;Terreno;Guayas;GUAYAQUIL;GUAYAS;OPERATIVO
S090031;Sur;GUASMO_CENTRAL;9C;-2,264455556;-79,89251944;Monopolo;Terreno;Guayas;GUAYAQUIL;GUAYAS;OPERATIVO
S090003;Sur;GUASMO_ESTE;8F;-2,273072222;-79,88139444;Torre Autosoportada;Terreno;Guayas;GUAYAQUIL;GUAYAS;OPERATIVO
S090148;Sur;GUASMO_SUR;9B;-2,273058333;-79,89861111;Torre Autosoportada;Terreno;Guayas;GUAYAQUIL;GUAYAS;OPERATIVO
S090149;Sur;GUAYACANES;8F;-2,121391667;-79,88944444;Torreta;Terraza;Guayas;GUAYAQUIL;GUAYAS;OPERATIVO
S090032;Sur;GUAYACANES_4;8F;-2,115577778;-79,89400278;Monopolo;Terreno;Guayas;GUAYAQUIL;GUAYAS;OPERATIVO
S0900737;Sur;GUAYACANES_ESTE;9C;-2,11867;-79,883;;;Guayas;GUAYAQUIL;GUAYAS;OPERATIVO
S090150;Sur;GUAYAQUIL_CENTRO;8C;-2,196111111;-79,88528056;Torreta;Terraza;Guayas;GUAYAQUIL;GUAYAS;OPERATIVO
N1701211;Norte;GUAYLLABAMBA_CENTRO;9C;-0,060586111;-78,34827778;Monopolo;Terreno;Pichincha;GUAYLLABAMBA;PICHINCHA;OPERATIVO
N1701206;Norte;GUAYLLABAMBA_SUR;9C;-0,081833333;-78,34322222;Monopolo;Terreno;Pichincha;EL QUINCHE;PICHINCHA;OPERATIVO
S090603;Sur;GUILLERMO_PAREJA_GYE;9F;-2,148138889;-79,89327778;Soportes;Terraza;Guayas;GUAYAQUIL;GUAYAS;OPERATIVO
N170175;Norte;GUIPUZCOA;8K;-0,210836111;-78,48055833;Torre Autosoportada;Terreno;Pichincha;QUITO;PICHINCHA;OPERATIVO
N1701281;Norte;HACIENDA_CAPELO;9C;;;;;;;PICHINCHA;NUEVO
N1701452;Norte;HACIENDA_CASANTO;9C;-0,240861111;-78,32994444;Monopolo;Suelo;Pichincha;QUITO;PICHINCHA;OPERATIVO
S010024;Sur;HEROES_DE_VERDELOMA;9F;-2,8878;-79,00428056;Mástiles;Terraza;Azuay;CUENCA;CUENCA;OPERATIVO
S010109;Sur;HIERBA_BUENA;9C;-2,704363889;-79,43405833;Torre Autosoportada;Terreno;Azuay;MOLLETURO;CUENCA;OPERATIVO
S090151;Sur;HIPERMARKET_NORTE;9C;-2,128058333;-79,90778056;Monopolo;Terreno;Guayas;GUAYAQUIL;GUAYAS;OPERATIVO
S120010;Sur;HOLANDESA;9A;-0,745011111;-79,46695;Torre Autosoportada;Terreno;Los Ríos;SAN JACINTO DE BUENA FE;GQUEVEDO;OPERATIVO
N050051;Norte;HOLCIM_LATACUNGA;9C;-0,953111111;-78,62477778;Monopolo;Terreno;Cotopaxi;LATACUNGA;GAMB;OPERATIVO
N220004;Norte;HORMIGUEROS;9C;-0,750919444;-76,80196944;Monopolo;Terreno;Orellana;DAYUMA;GORE;OPERATIVO
N170176;Norte;HOSPIT_METROPOLITANO;8K;-0,184308333;-78,50305833;Soportes;Terraza;Pichincha;QUITO;PICHINCHA;OPERATIVO
S070094;Sur;HOSPIT_TEOFILO_DAVILA_MACHALA;9C;-3,257305556;-79,95480556;Torreta;Terreno;El Oro;MACHALA;GELORO;OPERATIVO
S090152;Sur;HOSPITAL_DE_LA_POLICIA;9F;-2,176391667;-79,89389167;Mástiles;Terraza;Guayas;GUAYAQUIL;GUAYAS;OPERATIVO
N170177;Norte;HOSPITAL_DEL_IESS;9F;-0,2039;-78,50589167;Mástiles;Terraza;Pichincha;QUITO;PICHINCHA;OPERATIVO
S090613;Sur;HOSPITAL_DEL_IESS_SUR_GYE;9C;-2,234194444;-79,90255556;Torreta;Terreno;Guayas;GUAYAQUIL;GUAYAS;OPERATIVO
N170178;Norte;HOSPITAL_DEL_SUR;9F;-0,244030556;-78,53950278;Mástiles;Terraza;Pichincha;QUITO;PICHINCHA;OPERATIVO
S090560;Sur;HOSPITAL_LUIS_VERNAZA_GYE;9F;-2,184222222;-79,88216667;Soportes;Terraza;Guayas;GUAYAQUIL;GUAYAS;OPERATIVO
N170179;Norte;HOSPITAL_VALLES;8K;-0,208333333;-78,42514167;Mástiles;Terraza;Pichincha;QUITO;PICHINCHA;OPERATIVO
S010124;Sur;HOSPITAL_DEL_RIO;9C;-2,894172222;-78,96258611;Monopolo;Terreno;Azuay;CUENCA;CUENCA;OPERATIVO
S010025;Sur;HOSPITAL_VICENTE_CORRAL;9C;-2,907030556;-78,99355833;Torreta;Terraza;Azuay;CUENCA;CUENCA;OPERATIVO
S090033;Sur;HOTEL_COLON_GYE;8F;-2,158697222;-79,897725;Mástiles;Terraza;Guayas;GUAYAQUIL;GUAYAS;OPERATIVO
N170837;Norte;HOTEL_REPUBLICA;9F;-0,182583333;-78,48911111;Soportes;Terraza;Pichincha;QUITO;PICHINCHA;OPERATIVO
S130034;Sur;HOWARD_JOHNSON;8F;-0,944502778;-80,74914167;Mástiles;IBS;Manabí;MANTA;GMANTA;OPERATIVO
S130035;Sur;HOWARD_JONHSON_2;9C;-0,9445;-80,74913889;Torre Autosoportada;Terreno;Manabí;MANTA;GMANTA;OPERATIVO
N040007;Norte;HUACA;9A;0,657511111;-77,71474444;Torre Autosoportada;Terreno;Carchi;Julio Andrade;GIBA;OPERATIVO
N180084;Norte;HUACHI;9C;-1,264277778;-78,62211111;Monopolo;NULL;Tungurahua;AMBATO;GRBA;OPERATIVO
N180020;Norte;HUACHI_GRANDE;9C;-1,317305556;-78,63641667;Monopolo;Terreno;Tungurahua;HUACHI GRANDE;GRBA;OPERATIVO
N180065;Norte;HUACHI_SOLIS;9F;-1,276555556;-78,62211111;Soportes;Terraza;Tungurahua;AMBATO;GRBA;OPERATIVO
S110029;Sur;HUACHICHAMBO;8C;-4,031336111;-79,24317222;;;Loja;LOJA;GLOJA;OPERATIVO
N180032;Norte;HUAMBALO;9C;-1,391669444;-78,53130833;Torre Autosoportada;Terreno;Tungurahua;Huambaló;GRBA;OPERATIVO
S140002;Norte;HUAMBOYA_N;9C;-1,943777778;-78,00041667;Monopolo;Terreno;Morona Santiago;HUAMBOYA;GTENA;OPERATIVO
S090153;Sur;HUANCAVILCA;8C;-2,199444444;-79,89611111;Monopolo;Terreno;Guayas;GUAYAQUIL;GUAYAS;OPERATIVO
S090154;Sur;HUANCAVILCA_NORTE;9E;-2,100008333;-79,91113611;Torre Autosoportada;Terreno;Guayas;GUAYAQUIL;GUAYAS;OPERATIVO
S070010;Sur;HUAQUILLAS;9B;-3,484955556;-80,21347778;Torre Autosoportada;Terreno;El Oro;HUAQUILLAS;GELORO;OPERATIVO
S070011;Sur;HUAQUILLAS_CENTRO;9F;-3,480488889;-80,24086667;Mástiles;Terraza;El Oro;HUAQUILLAS;GELORO;OPERATIVO
S010026;Sur;HUAYNACAPAC;8F;-2,896502778;-78,99891944;Torreta;Terreno;Azuay;CUENCA;CUENCA;OPERATIVO
N100006;Norte;IBARRA;8F;0,378633333;-78,13046111;Torre Autosoportada;Terreno;Imbabura;SAN MIGUEL DE IBARRA;GIBA;OPERATIVO
N100007;Norte;IBARRA_CENTRO;8F;0,348530556;-78,120025;Torreta;Terraza;Imbabura;SAN MIGUEL DE IBARRA;GIBA;OPERATIVO
N100008;Norte;IBARRA_CENTRO_2;9E;0,342391667;-78,1189;Torreta;Terraza;Imbabura;SAN MIGUEL DE IBARRA;GIBA;OPERATIVO
N100009;Norte;IBARRA_CENTRO_3;9C;0,348527778;-78,12025;Torreta;Terraza;Imbabura;SAN MIGUEL DE IBARRA;GIBA;OPERATIVO
N100010;Norte;IBARRA_NORTE;9E;0,350530556;-78,12228056;Torre Autosoportada;Terreno;Imbabura;SAN MIGUEL DE IBARRA;GIBA;OPERATIVO
N100011;Norte;IBARRA_SUR;9E;0,338530556;-78,12480833;Monopolo;Terreno;Imbabura;SAN MIGUEL DE IBARRA;GIBA;OPERATIVO
N100012;Norte;IBARRA_TERMINAL_TERRESTRE;8F;0,345841667;-78,128725;Monopolo;Terreno;Imbabura;SAN MIGUEL DE IBARRA;GIBA;OPERATIVO
N170180;Norte;IBM;8K;-0,193336111;-78,48266944;Mástiles;Terraza;Pichincha;QUITO;PICHINCHA;OPERATIVO
S090587;Sur;IBS_AEROPUERTO_JOSE_JOAQUIN_OLMEDO;9C;-2,148306;-79,883545;Soportes;IBS;Guayas;GUAYAQUIL;GUAYAS;OPERATIVO
N170965;Norte;IBS_BANCO_PACIFICO;9C;-0,175788889;-78,48173611;Soportes;IBS;Pichincha;QUITO;PICHINCHA;OPERATIVO
S090639;Sur;IBS_BLUE_TOWERS;9C;-2,166972222;-79,8965;Soportes;IBS;Guayas;GUAYAQUIL;GUAYAS;OPERATIVO
N170838;Norte;IBS_CC_EL_BOSQUE;9C;-0,161802778;-78,49756111;Soportes;IBS;Pichincha;QUITO;PICHINCHA;OPERATIVO
N1701443;Norte;IBS_CC_JARDIN_UIO;9C;-0,1901;-78,487114;Soportes;IBS;Pichincha;QUITO;PICHINCHA;OPERATIVO
N170714;Norte;IBS_CC_PASEO_SAN_FRANCISCO;9C;-0,198577778;-78,43700833;Soportes;IBS;Pichincha;QUITO;PICHINCHA;OPERATIVO
N170715;Norte;IBS_CC_SCALA;8K;-0,206780556;-78,42538056;Soportes;IBS;Pichincha;QUITO;PICHINCHA;OPERATIVO
N170898;Norte;IBS_CF_BANCO_PICHINCHA;8K;-0,171138889;-78,48419722;Soportes;IBS;Pichincha;QUITO;PICHINCHA;OPERATIVO
S090634;Sur;IBS_CIUDAD_COLON_CORPORATIVO1;9F;-2,150938889;-79,90658611;Soportes;Terraza;Guayas;GUAYAQUIL;GUAYAS;OPERATIVO
S0900705;Sur;IBS_ECUAVISA_GYE;9C;-2,181694444;-79,88358333;Torre;Terreno;Guayas;GUAYAQUIL;GUAYAS;OPERATIVO
N1701078;Norte;IBS_EDF_CENTRO_FINANCIERO_UIO;9C;-0,171230556;-78,48515556;Soportes;IBS;Pichincha;QUITO;PICHINCHA;OPERATIVO
N170966;Norte;IBS_EDF_DELTA_UIO;9C;-0,200344444;-78,48005278;Soportes;IBS;Pichincha;QUITO;PICHINCHA;OPERATIVO
N1701053;Norte;IBS_EDF_FINANDES_UIO;9C;-0,191777778;-78,48811111;Mástiles;IBS;Pichincha;QUITO;PICHINCHA;OPERATIVO
N1701079;Norte;IBS_EDF_PLAZA_2000;9C;-0,204138889;-78,48555556;Mástiles;IBS;Pichincha;QUITO;PICHINCHA;OPERATIVO
S0900700;Sur;IBS_EDIF_TELEFONICA_GYE;9C;-2,150111111;-79,88497222;Soportes;IBS;Guayas;GUAYAQUIL;GUAYAS;OPERATIVO
N1701161;Norte;IBS_EDIFICIO_ARGENTUM_UIO;9C;-0,179925;-78,48120278;Soportes;IBS;Pichincha;QUITO;PICHINCHA;OPERATIVO
N1701289;Norte;IBS_EUROCENTER;9C;-0,173761111;-78,48588333;Soportes;NULL;Pichincha;QUITO;PICHINCHA;OPERATIVO
N1701487;Norte;IBS_FZ_EKOPARK;#N/D;-0,163083;-78,460632;Soportes;IBS;Pichincha;QUITO;PICHINCHA;DESINSTALADO
S090640;Sur;IBS_GOBIERNO_ZONAL_GYE;9C;-2,161922222;-79,89771667;Soportes;IBS;Guayas;GUAYAQUIL;GUAYAS;OPERATIVO
S090676;Sur;IBS_HOSPITAL_ROBERTO_GILBERT_ELIZALDE;9C;-2,177627778;-79,88358333;Soportes;IBS;Guayas;GUAYAQUIL;GUAYAS;OPERATIVO
N1701163;Norte;IBS_HOSPITAL_VOZANDES_UIO;9C;-0,172777778;-78,48961111;Soportes;IBS;Pichincha;QUITO;PICHINCHA;OPERATIVO
S090335;Sur;IBS_HOTEL_ORO_VERDE_GYE;9C;-2,188833333;-79,891475;Soportes;IBS;Guayas;GUAYAQUIL;GUAYAS;OPERATIVO
N1701290;Norte;IBS_HOTEL_SHERATON_UIO;9C;-0,177841667;-78,47902778;Soportes;IBS;Pichincha;QUITO;PICHINCHA;OPERATIVO
N1701141;Norte;IBS_LA_PREVISORA_UIO;9C;-0,175444444;-78,48588889;Soportes;IBS;Pichincha;QUITO;PICHINCHA;DESINSTALADO
N100036;Norte;IBS_LAGUNA_MALL;9C;0,349169444;-78,1256;Soportes;IBS;Imbabura;SAN MIGUEL DE IBARRA;GIBA;OPERATIVO
S090565;Sur;IBS_MALL_DEL_SOL;9C;-2,155055556;-79,89291111;Torre Autosoportada;Terreno;Guayas;GUAYAQUIL;GUAYAS;OPERATIVO
S090577;Sur;IBS_MALL_EL_FORTIN_GYE;9C;-2,109341667;-79,94879444;Soportes;IBS;Guayas;GUAYAQUIL;GUAYAS;OPERATIVO
N1701138;Norte;IBS_MICSE_UIO;9C;-0,171419444;-78,48542778;Soportes;IBS;Pichincha;QUITO;PICHINCHA;OPERATIVO
N1701245;Norte;IBS_MIN_RELACIONES_LABORALES;9C;-0,185055556;-78,48122222;Soportes;IBS;Pichincha;QUITO;PICHINCHA;OPERATIVO
N1701139;Norte;IBS_MINTEL_UIO;8K;-0,201583333;-78,48606944;Soportes;IBS;Pichincha;QUITO;PICHINCHA;OPERATIVO
N1701247;Norte;IBS_NUEVA_UTE_2;9C;-0,179638889;-78,50497222;Soportes;IBS;Pichincha;QUITO;PICHINCHA;OPERATIVO
N170993;Norte;IBS_PETROAMAZONAS;9C;-0,175833333;-78,48166667;Soportes;IBS;Pichincha;QUITO;PICHINCHA;OPERATIVO
N1701140;Norte;IBS_PLAZA_DE_LAS_AMERICAS;9C;-0,174813889;-78,49273611;Soportes;IBS;Pichincha;QUITO;PICHINCHA;OPERATIVO
N1701293;Norte;IBS_PRONACA_UIO;9C;-0,164963889;-78,46745556;Soportes;IBS;Pichincha;QUITO;PICHINCHA;OPERATIVO
N1701059;Norte;IBS_QUICENTRO_UIO;8K;-0,176638889;-78,47883333;Soportes;IBS;Pichincha;QUITO;PICHINCHA;OPERATIVO
N170842;Norte;IBS_REGISTRO_CIVIL_PREVISORA;9C;;;;;;;PICHINCHA;NUEVO
N1701212;Norte;IBS_SENATEL;9C;-0,194083333;-78,48344444;Soportes;IBS;Pichincha;QUITO;PICHINCHA;DESINSTALADO
N170961;Norte;IBS_SUPERTEL;9C;-0,195519444;-78,49292778;Soportes;IBS;Pichincha;QUITO;PICHINCHA;OPERATIVO
N1701192;Norte;IBS_SWISSOTEL_UIO;9C;-0,205305556;-78,48555556;Soportes;IBS;Pichincha;QUITO;PICHINCHA;OPERATIVO
N1701446;Norte;IBS_TERMINAL_AEROPUERTO;9C;-0,1246944;-78,359861;Soportes;IBS;Pichincha;QUITO;PICHINCHA;OPERATIVO
N170719;Norte;IBS_UDLA;8K;-0,167944444;-78,47236667;Soportes;IBS;Pichincha;QUITO;PICHINCHA;OPERATIVO
N1701296;Norte;IBS_UDLA_ECOPARK;9C;-0,163158333;-78,45912222;Soportes;IBS;Pichincha;QUITO;PICHINCHA;OPERATIVO
N170994;Norte;IBS_UMET_UIO;9C;-0,202166667;-78,48313889;Soportes;IBS;Pichincha;QUITO;PICHINCHA;DESINSTALADO
N1701237;Norte;IBS_UNIV_SAN_FRANCISCO;9C;-0,196358333;-78,43491667;Soportes;IBS;Pichincha;QUITO;PICHINCHA;OPERATIVO
N1701287;Norte;IBS_VICEPRESIDENCIA;9C;-0,219483333;-78,51299722;Soportes;IBS;Pichincha;QUITO;PICHINCHA;OPERATIVO
S010172;Sur;IBS_CAV_CENTRO_CUENCA;9C;-2,897344444;-79,00356389;Soportes;IBS;Azuay;CUENCA;CUENCA;OPERATIVO
S0900743;Sur;IBS_HOSPITAL_ALFREDO_PAULSON;9C;-2,17744;-79,8857;;;Guayas;GUAYAQUIL;GUAYAS;OPERATIVO
S010182;Sur;IBS_MONAY_SHOPPING;9C;-2,896786111;-78,97721111;Soportes;IBS;Azuay;CUENCA;CUENCA;OPERATIVO
N080018;Norte;IEOS;9A;0,230669444;-79,41363611;Torre Autosoportada;Terreno;Esmeraldas;Quininde;GSTD;OPERATIVO
N100029;Norte;IESS_IBARRA;9C;0,357083;-78,1325;;;Imbabura;SAN MIGUEL DE IBARRA;GIBA;OPERATIVO
S130036;Sur;IESS_PORTOVIEJO;9A;-1,047236111;-80,47175278;Torreta;Terraza;Manabí;PORTOVIEJO;GPORTOV;OPERATIVO
N170181;Norte;IGM;8F;-0,216397222;-78,49564167;Torreta;Terreno;Pichincha;QUITO;PICHINCHA;OPERATIVO
N170182;Norte;ILSA;9F;-0,289141667;-78,53728056;Mástiles;Terraza;Pichincha;QUITO;PICHINCHA;OPERATIVO
N170690;Norte;ILUMBISI;8C;-0,220319444;-78,47313889;Torre Autosoportada;NULL;Pichincha;QUITO;PICHINCHA;OPERATIVO
N230008;Norte;INAEXPO;9A;-0,191769444;-79,19298611;Torre Autosoportada;Terreno;Santo Domingo;SANTO DOMINGO DE LOS COLORADOS;GSTD;OPERATIVO
N170183;Norte;INAQUITO;#N/D;-0,171141667;-78,48505833;Torre Autosoportada;Terreno;Pichincha;QUITO;PICHINCHA;DESINSTALADO
N170184;Norte;INAQUITO_ALTO;8K;-0,173897222;-78,50286389;Soportes;Terraza;Pichincha;QUITO;PICHINCHA;OPERATIVO
N1701134;Norte;INAQUITO_II;9F;-0,171388889;-78,48538889;Soportes;Terraza;Pichincha;QUITO;PICHINCHA;OPERATIVO
N170185;Norte;INCA;9F;-0,15928056;-78,4816694;Mástiles;Terraza;Pichincha;QUITO;PICHINCHA;OPERATIVO
N1701470;Norte;INCHAPICHO;9C;-0,172833;-78,44275;Monopolo;Suelo;Pichincha;QUITO;PICHINCHA;OPERATIVO
N080019;Norte;INDEPENDENCIA;8F;0,062794444;-79,41023333;Torre Tensada;Terreno;Esmeraldas;LA UNION;GSTD;OPERATIVO
N170846;Norte;INES_GANGOTENA;9F;-0,342247222;-78,44585278;Soportes;Terraza;Pichincha;QUITO;PICHINCHA;OPERATIVO
N180021;Norte;INGAHURCO;9C;-1,236641667;-78,61611111;Torre Autosoportada;Terreno;Tungurahua;AMBATO;GAMB;OPERATIVO
S030018;Sur;INGAPIRCA;9C;-2,546669444;-78,88639722;Torre;Terreno;Cañar;INGAPIRCA;CUENCA;OPERATIVO
N1701467;Norte;INGRESO_A_COTOGCHOA;9E;;;;;;;PICHINCHA;NUEVO
N170186;Norte;INIAP;9C;-0,365119444;-78,55275278;Torre Autosoportada;Terreno;Pichincha;QUITO;PICHINCHA;OPERATIVO
N170273;Norte;INTERCAMBIADOR_CUMBAYA;9C;-0,191875;-78,4555;Torre Autosoportada;Terreno;Pichincha;QUITO;PICHINCHA;OPERATIVO
N1701404;Norte;INTERCAMBIADOR_PIFO;9F;-0,213638889;-78,33441667;Soportes;Terraza;Pichincha;QUITO;PICHINCHA;OPERATIVO
N170187;Norte;INTERVALLES;9C;-0,243358333;-78,44946944;Monopolo;Terreno;Pichincha;QUITO;PICHINCHA;OPERATIVO
N170188;Norte;INTERVALLES_2;8K;-0,215575;-78,41750278;Monopolo;Terreno;Pichincha;QUITO;PICHINCHA;OPERATIVO
S110054;Sur;INTERVALLES_LOJA;9C;-3,978694444;-79,20147222;Torre Autosoportada;Terreno;Loja;LOJA;GLOJA;OPERATIVO
S090034;Sur;ISIDRO_AYORA;9C;-1,869005556;-80,19347778;Torre Autosoportada;Terreno;Guayas;SABANILLA;GUAYAS;OPERATIVO
N170189;Norte;ISLA_ISABELA;8K;-0,158333333;-78,47816944;Monopolo;Terreno;Pichincha;QUITO;PICHINCHA;OPERATIVO
N1701101;Norte;ISLA_MARCHENA_UIO;9F;-0,167833333;-78,47188889;Soportes;Terraza;Pichincha;QUITO;PICHINCHA;OPERATIVO
S090635;Sur;ISLA_MOCOLI;9E;-2,098555556;-79,86305556;Monopolo;Terreno;Guayas;GUAYAQUIL;GUAYAS;OPERATIVO
N170995;Norte;ISLA_PINZON;9F;-0,165;-78,47741667;Soportes;Terraza;Pichincha;QUITO;PICHINCHA;OPERATIVO
S090035;Sur;ISLA_PUNA;9C;-2,740641667;-79,90751111;Torre Autosoportada;Terreno;Guayas;PUNA;GSTAELENA;OPERATIVO
N170847;Norte;ISLA_SEYMOUR;9F;-0,163352778;-78,47917222;Soportes;Terraza;Pichincha;QUITO;PICHINCHA;OPERATIVO
S120011;Sur;ISLA_BEJUCAL;9C;-1,678633333;-79,64250833;Torre Autosoportada;Terreno;Los Ríos;ISLA DE BEJUCAL;GBABAHOYO;OPERATIVO
N170190;Norte;ITULCACHI;9C;-0,278911111;-78,32905833;Torre Autosoportada;Terreno;Pichincha;QUITO;PICHINCHA;OPERATIVO
N180066;Norte;IZAMBA;9C;-1,225611111;-78,59580556;Monopolo;Terreno;Tungurahua;IZAMBA;GAMB;OPERATIVO
S090036;Sur;JAIME_ROLDOS;9A;-2,804722222;-79,70978056;Torre Autosoportada;Terreno;Guayas;NARANJAL;GUAYAS;OPERATIVO
N1701213;Norte;JAIME_ROLDOS_UIO;9F;-0,084972222;-78,50575;Soportes;Terraza;Pichincha;QUITO;PICHINCHA;OPERATIVO
S130137;Sur;JAMA;9A;-0,216411111;-80,27917222;Torre Autosoportada;Terreno;Manabí;JAMA;GCHONE;OPERATIVO
S070012;Sur;JAMBELI;9A;-3,241036111;-80,04848056;Monopolo;Terreno;El Oro;JAMBELI;GELORO;OPERATIVO
N2100054;Norte;JAMBELI_SUCUMBIOS;9C;;;;;;;GORE;NUEVO
N1702312;Norte;JAPON_UIO;9E;;;;;PICHINCHA;QUITO;PICHINCHA;NUEVO
S010094;Sur;JARATA;10B;-3,313527778;-79,13144444;;;Azuay;NABON;CUENCA;OPERATIVO
N170192;Norte;JARDIN_DEL_VALLE;9C;-0,231669444;-78,48789167;Torre Autosoportada;Terreno;Pichincha;QUITO;PICHINCHA;OPERATIVO
N170802;Norte;JARDINES_DE_AMAGASI;9F;-0,133066667;-78,46036389;Soportes;Terraza;Pichincha;QUITO;PICHINCHA;OPERATIVO
N170193;Norte;JARDINES_DEL_BATAN;8K;-0,171111111;-78,46894722;Polos;Terraza;Pichincha;QUITO;PICHINCHA;OPERATIVO
S030036;Sur;JAVIER_LOYOLA;9C;-2,800013889;-78,86362778;Monopolo;Terreno;Cañar;SAN MIGUEL;CUENCA;OPERATIVO
S010027;Sur;JIMA;9C;-3,203444444;-78,94661111;Torre Autosoportada;Terreno;Azuay;GIMA;CUENCA;OPERATIVO
S130038;Sur;JIPIJAPA;8F;-1,363025;-80,55826667;Torre Autosoportada;Terreno;Manabí;JIPIJAPA;GPORTOV;OPERATIVO
S130039;Sur;JIPIJAPA_CENTRO;9C;-1,349447222;-80,57839167;Monopolo;Terreno;Manabí;JIPIJAPA;GPORTOV;OPERATIVO
N170194;Norte;JOAQUIN_SUMAITA;9C;-0,148225;-78,47444722;Monopolo;Terreno;Pichincha;QUITO;PICHINCHA;OPERATIVO
S130165;Sur;JOCAY;9F;-0,962527778;-80,71783333;Soportes;Terraza;Manabí;MANTA;GMANTA;OPERATIVO
S090155;Sur;JORDAN;9A;-2,080833333;-79,93139167;Torre Autosoportada;Terreno;Guayas;GUAYAQUIL;GUAYAS;OPERATIVO
N170195;Norte;JORGE_PIEDRA;9F;-0,139391667;-78,49944444;Mástiles;Terraza;Pichincha;QUITO;PICHINCHA;OPERATIVO
N1701170;Norte;JOSE_ANDRADE_UIO;9F;-0,09854;-78,47684;Soportes;Terraza;Pichincha;QUITO;PICHINCHA;OPERATIVO
S090572;Sur;JOSE_VELEZ_GYE;9F;-2,191583333;-79,88441667;Soportes;Terraza;Guayas;GUAYAQUIL;GUAYAS;OPERATIVO
N0100166;Sur;JOSE_PERALTA_CUENCA;9F;-2,906333333;-79,00338889;Soportes;Terraza;Azuay;CUENCA;CUENCA;OPERATIVO
N220005;Norte;JOYA_DE_LOS_SACHAS;9A;-0,3162;-76,86320278;Torre Autosoportada;Terreno;Orellana;LA JOYA DE LOS SACHAS;GORE;OPERATIVO
N220035;Norte;JOYA_DE_LOS_SACHAS_CENTRO;9C;-0,290527778;-76,85266667;Torre;Terreno;Orellana;LA JOYA DE LOS SACHAS;GORE;OPERATIVO
N170196;Norte;JUAN_LEON_MERA;8K;-0,201011111;-78,49060833;Soportes;Terraza;Pichincha;QUITO;PICHINCHA;OPERATIVO
S090156;Sur;JUAN_MONTALVO;9C;-2,123638889;-79,91663889;Torre Autosoportada;Terreno;Guayas;GUAYAQUIL;GUAYAS;OPERATIVO
N170707;Norte;JUAN_PABLO_SAENZ;9F;-0,179191667;-78,48880833;Soportes;Terraza;Pichincha;QUITO;PICHINCHA;REUBICADO
S090037;Sur;JUJAN_SUR;9C;-1,925644444;-79,57470833;Torre Autosoportada;Terreno;Guayas;Juján;GBABAHOYO;OPERATIVO
S130040;Sur;JUNCO;9C;-0,842858333;-80,34348611;Torre Autosoportada;Terreno;Manabí;TOSAGUA;GCHONE;OPERATIVO
S130041;Sur;JUNIN;9C;-0,935291667;-80,21133889;Torre Autosoportada;Terreno;Manabí;JUNIN;GCHONE;OPERATIVO
S090038;Sur;JUNQUILLAL;9A;-1,719744444;-79,86805833;Torre Autosoportada;Terreno;Guayas;JUNQUILLAL;GUAYAS;OPERATIVO
N170197;Norte;KENNEDY;8F;-0,140372222;-78,47589167;Monopolo;Terreno;Pichincha;QUITO;PICHINCHA;OPERATIVO
N170198;Norte;KENNEDY_ESTE;9C;-0,140391667;-78,47224444;Torre Autosoportada;Terreno;Pichincha;QUITO;PICHINCHA;OPERATIVO
S0900719;Sur;KENNEDY_NUEVA;9F;-2,164861111;-79,89358333;Soportes;Terraza;Guayas;GUAYAQUIL;GUAYAS;OPERATIVO
S090157;Sur;KILOMETRO_26;9B;-2,252088889;-79,63695556;Torre Autosoportada;Terreno;Guayas;VIRGEN DE FATIMA;GUAYAS;OPERATIVO
S090039;Sur;KILOMETRO_40;8F;-2,279341667;-79,53045;Torre Autosoportada;Terreno;Guayas;EL TRIUNFO;GUAYAS;OPERATIVO
S090040;Sur;KILOMETRO_48;9A;-2,314747222;-80,24878333;Torre Autosoportada;Terreno;Guayas;GUAYAQUIL;GSTAELENA;OPERATIVO
N170199;Norte;KLINGER;9F;-0,119469444;-78,46594722;Soportes;Terraza;Pichincha;QUITO;PICHINCHA;OPERATIVO
N1701199;Norte;KM_8_VIA_PAPALLACTA;9C;-0,269361111;-78,28530556;Monopolo;Terreno;Pichincha;QUITO;PICHINCHA;OPERATIVO
N220006;Norte;KUPI;9A;-0,696675;-76,72778611;Torre;Terreno;Orellana;DAYUMA;GORE;OPERATIVO
N170200;Norte;LA_ABUNDANCIA;9A;0,0603;-79,25194722;Torre Autosoportada;Terreno;Pichincha;PUERTO QUITO;GSTD;OPERATIVO
N170201;Norte;LA_ARMENIA;9C;-0,272530556;-78,46066944;Monopolo;Terreno;Pichincha;QUITO;PICHINCHA;OPERATIVO
S090556;Sur;LA_AURORA_SUR_GYE;9C;-2,057222222;-79,87772222;Monopolo;Terreno;Guayas;GUAYAQUIL;GUAYAS;OPERATIVO
S070013;Sur;LA_AVANZADA;9C;-3,540286111;-79,95945833;Torre Autosoportada;Terreno;El Oro;LA AVANZADA;GELORO;OPERATIVO
N170202;Norte;LA_BASILICA;9F;-0,215197222;-78,50950278;Soportes;Terraza;Pichincha;QUITO;PICHINCHA;OPERATIVO
N170203;Norte;LA_BOTA;9F;-0,116530556;-78,45807222;Mástiles;Terraza;Pichincha;QUITO;PICHINCHA;OPERATIVO
N170204;Norte;LA_CAROLINA;8F;-0,182530556;-78,48580833;Monopolo;Terreno;Pichincha;QUITO;PICHINCHA;OPERATIVO
S090158;Sur;LA_CHALA;9C;-2,212972222;-79,91161111;Torreta;Terreno;Guayas;GUAYAQUIL;GUAYAS;OPERATIVO
N000001;Norte;LA_CONCORDIA;8F;0,002641667;-79,39916944;Torre Autosoportada;Suelo;Santo Domingo;LA CONCORDIA;GSTD;OPERATIVO
S090159;Sur;LA_COSTA;9B;-2,254286111;-80,14764722;Torre Autosoportada;Terreno;Guayas;GUAYAQUIL;GUAYAS;OPERATIVO
N130145;Norte;LA_CRESPA;8C;-0,335391667;-79,76056111;Torre Autosoportada;Terreno;Manabí;FLAVIO ALFARO;GSTD;OPERATIVO
N170205;Norte;LA_DELICIA;8F;-0,115019444;-78,49194444;Torre Autosoportada;Terreno;Pichincha;QUITO;PICHINCHA;OPERATIVO
S090041;Sur;LA_DELICIA_GUAYAS;9C;-1,293075;-79,839725;Torre Autosoportada;Terreno;Guayas;BALZAR;GBABAHOYO;OPERATIVO
N170206;Norte;LA_ECUATORIANA;9F;-0,309169444;-78,56328056;Mástiles;Terraza;Pichincha;QUITO;PICHINCHA;OPERATIVO
N100005;Norte;LA_ESPERANZA_IMBABURA;9C;0,296672222;-78,11953056;Torre Autosoportada;Terreno;Imbabura;LA ESPERANZA;GIBA;OPERATIVO
N1702315;Norte;LA_ESTANCIA;9E;;;;;PICHINCHA;QUITO;PICHINCHA;NUEVO
N170207;Norte;LA_FLORIDA;9F;-0,141672222;-78,49316944;Mástiles;Terraza;Pichincha;QUITO;PICHINCHA;OPERATIVO
N170208;Norte;LA_GASCA;8K;-0,194308333;-78,50750833;Mástiles;Terraza;Pichincha;QUITO;PICHINCHA;OPERATIVO
N170209;Norte;LA_GASCA_2;8K;-0,195008333;-78,50486389;Polos;Terraza;Pichincha;QUITO;PICHINCHA;OPERATIVO
N1701215;Norte;LA_GASCA_3;9F;-0,189111111;-78,50958333;Soportes;Terraza;Pichincha;QUITO;PICHINCHA;OPERATIVO
N1701301;Norte;LA_GASCA_4;9F;-0,195361111;-78,50883333;Soportes;Terraza;Pichincha;QUITO;PICHINCHA;OPERATIVO
S060059;Norte;LA_GEORGINA_RIOBAMBA;9F;-1,65825;-78,66141667;Soportes;Terraza;Chimborazo;RIOBAMBA;GRBA;OPERATIVO
S060060;Norte;LA_GIRALDA_RIOBAMBA;9F;-1,663611111;-78,65436111;Soportes;Terraza;Chimborazo;RIOBAMBA;GRBA;OPERATIVO
N1701164;Norte;LA_HOSPITALARIA;9F;-0,276805556;-78,47122222;Soportes;Terraza;Pichincha;QUITO;PICHINCHA;OPERATIVO
N170210;Norte;LA_JOSEFINA;9F;-0,081169444;-78,47416944;Mástiles;Terraza;Pichincha;QUITO;PICHINCHA;OPERATIVO
N180022;Norte;LA_JOYA;9E;-1,278669444;-78,61083333;Torre Autosoportada;Terreno;Tungurahua;AMBATO;GRBA;OPERATIVO
N180023;Norte;LA_JOYA_2;9C;-1,245166667;-78,61080556;Torre Autosoportada;Terreno;Tungurahua;AMBATO;GRBA;OPERATIVO
S090447;Sur;LA_JOYA_GYE;9C;-2,03835;-79,92191944;Torre Autosoportada;Terreno;Guayas;GUAYAQUIL;GUAYAS;OPERATIVO
N080046;Norte;LA_JUANITA;8C;0,473322222;-79,57717778;;;Esmeraldas;KM. 40 VIA SANTO DOMINGO - ESMERLDAS;GESM;OPERATIVO
N170211;Norte;LA_LUZ;8F;-0,149469444;-78,47890833;Torre Autosoportada;Terreno;Pichincha;QUITO;PICHINCHA;OPERATIVO
N170212;Norte;LA_MAGDALENA;8F;-0,238911111;-78,52814167;Mástiles;Terraza;Pichincha;QUITO;PICHINCHA;OPERATIVO
N170213;Norte;LA_MARIN;9F;-0,222508333;-78,50944722;Mástiles;Terraza;Pichincha;QUITO;PICHINCHA;OPERATIVO
N170850;Norte;LA_MERCED;9E;-0,279452778;-78,40339167;Monopolo;Terreno;Pichincha;QUITO;PICHINCHA;OPERATIVO
N060055;Norte;LA_MIRA;10B;-1,508327778;-78,58414444;;;Chimborazo;GUANO;GRBA;DESINSTALADO
N170214;Norte;LA_MORITA;8K;-0,214058333;-78,382225;Monopolo;Terreno;Pichincha;QUITO;PICHINCHA;OPERATIVO
N1701302;Norte;LA_MORITA_DOS;9C;-0,223694444;-78,3705;Monopolo;Terreno;Pichincha;QUITO;PICHINCHA;OPERATIVO
N040008;Norte;LA_PAZ;9A;0,512391667;-77,87944444;Torre Autosoportada;Terreno;Carchi;BOLIVAR;GIBA;OPERATIVO
N170007;Norte;LA_PRENSA;9C;-0,148919444;-78,48964167;Torreta;Terreno;Pichincha;QUITO;PICHINCHA;OPERATIVO
N170215;Norte;LA_PRIMAVERA;8K;-0,212430556;-78,43419167;Mástiles;Terraza;Pichincha;QUITO;PICHINCHA;OPERATIVO
S090160;Sur;LA_PRIMAVERA_DURAN;9F;-2,180111111;-79,84155556;Mástiles;Terraza;Guayas;Durán;GUAYAS;OPERATIVO
N170216;Norte;LA_QUINTANA;9F;-0,128280556;-78,46214167;Mástiles;Terraza;Pichincha;QUITO;PICHINCHA;OPERATIVO
N170217;Norte;LA_RABIDA;8F;-0,200280556;-78,48944444;Mástiles;Terraza;Pichincha;QUITO;PICHINCHA;OPERATIVO
N170218;Norte;LA_RECOLETA;9C;-0,2303;-78,51328056;Torre Autosoportada;Terreno;Pichincha;QUITO;PICHINCHA;OPERATIVO
S090161;Sur;LA_SAIBA;9C;-2,223808333;-79,89639167;Torre Autosoportada;Terreno;Guayas;GUAYAQUIL;GUAYAS;OPERATIVO
N170219;Norte;LA_SALLE;9C;-0,323619444;-78,47836389;Monopolo;Terreno;Pichincha;QUITO;PICHINCHA;OPERATIVO
S090042;Sur;LA_T;9C;-1,869172222;-79,88255833;Torre Autosoportada;Terreno;Guayas;Daule;GUAYAS;OPERATIVO
N170220;Norte;LA_TOLA_ALTA;9E;-0,221411111;-78,50694444;Torre Autosoportada;Terreno;Pichincha;QUITO;PICHINCHA;OPERATIVO
N170406;Norte;LA_TOLA_BAJA;9F;-0,226675;-78,49333889;Mástiles;Terraza;Pichincha;QUITO;PICHINCHA;OPERATIVO
N170221;Norte;LA_TOLA_DE_POMASQUI;9C;-0,063780556;-78,45880833;Torre Autosoportada;Terreno;Pichincha;QUITO;PICHINCHA;OPERATIVO
N180024;Norte;LA_TRANQUILLA;9C;-1,349530556;-78,48514167;Torre Autosoportada;Terreno;Tungurahua;PATATE;GRBA;OPERATIVO
N080020;Norte;LA_UNION_ESMERALDAS;9A;0,143911111;-79,40241944;Torre Autosoportada;Terreno;Esmeraldas;LA UNION;GSTD;OPERATIVO
N210004;Norte;LA_VICTORIA;9A;-0,283058333;-76,65584722;Monopolo;Terreno;Sucumbios;LIMONCOCHA;GORE;OPERATIVO
S070014;Sur;LA_VICTORIA_EL_ORO;9C;-3,792416667;-80,06097222;Torre Autosoportada;Terreno;El Oro;LA VICTORIA;GELORO;OPERATIVO
N1701453;Norte;LA_VIÑA;9C;-0,204083;-78,4066;;;Pichincha;QUITO;PICHINCHA;OPERATIVO
N170222;Norte;LA_Y;8F;-0,169641667;-78,48779722;Torreta y Mástiles;Terraza;Pichincha;QUITO;PICHINCHA;OPERATIVO
N170699;Norte;LA_ZAMORA;9F;-0,158333333;-78,49194444;Soportes;Terraza;Pichincha;QUITO;PICHINCHA;OPERATIVO
S130042;Sur;LA_BRAMADORA;9C;-0,474458333;-79,55364167;Torre Autosoportada;Terreno;Manabí;EL CARMEN;GQUEVEDO;OPERATIVO
S130043;Sur;LA_CADENA;9A;-1,713622222;-80,39830833;Torre Autosoportada;Terreno;Manabí;CASCOL;GPORTOV;OPERATIVO
S240044;Sur;LA_CHOCOLATERA;9E;-2,195833333;-80,98888889;Monopolo;Terreno;Santa Elena;SALINAS;GSTAELENA;OPERATIVO
S120012;Sur;LA_ESPERANZA_QUEVEDO;9C;-0,961169444;-79,42066944;Torre Autosoportada;Terreno;Los Ríos;LA ESPERANZA;GQUEVEDO;OPERATIVO
S130044;Sur;LA_FABRIL;9A;-0,994419444;-80,69250833;Monopolo;Terreno;Manabí;MANTA;GMANTA;OPERATIVO
N050012;Sur;LA_MANA;9A;-0,943625;-79,21724722;Torre Autosoportada;Terreno;Cotopaxi;LA MANA;GQUEVEDO;OPERATIVO
S130191;Sur;LA_PAZ_PORTOVIEJO;9C;-1,059027778;-80,45922222;Monopolo;Terreno;Manabí;PORTOVIEJO;GPORTOV;OPERATIVO
S130045;Sur;LA_PILA_OESTE;9A;-1,082886111;-80,61557778;Torre Autosoportada;Terreno;Manabí;LA_PILA;GMANTA;OPERATIVO
S130046;Sur;LA_PILA_SUR;9C;-1,164733333;-80,58253056;Monopolo;Terreno;Manabí;LA PILA;GMANTA;OPERATIVO
S030019;Sur;LA_TRONCAL;8F;-2,417619444;-79,34311667;Torre Autosoportada;Terreno;Cañar;LA TRONCAL;GUAYAS;OPERATIVO
N080021;Norte;LAGARTO;9C;1,046030556;-79,27989167;Torre Autosoportada;Terreno;Esmeraldas;LAGARTO;GESM;OPERATIVO
N210005;Norte;LAGO_AGRIO_CENTRO;9C;0,082247222;-76,884175;Monopolo;Terreno;Sucumbios;NUEVA LOJA;GORE;OPERATIVO
S090162;Sur;LAGUNA_CLUB;9C;-2,181944444;-79,99055833;Monopolo;Terreno;Guayas;GUAYAQUIL;GUAYAS;OPERATIVO
N060013;Norte;LAGUNAS_DE_COLTA;9C;-1,734641667;-78,77335833;Torre Autosoportada;Terreno;Chimborazo;Colta;GRBA;OPERATIVO
N170754;Norte;LANDAZURI;9C;-0,115025;-78,430225;Monopolo;Terreno;Pichincha;QUITO;PICHINCHA;OPERATIVO
S060061;Norte;LAS_CARMELITAS_RIOBAMBA;9C;-1,6755;-78,65455556;Torreta;Terreno;Chimborazo;RIOBAMBA;GRBA;OPERATIVO
N170223;Norte;LAS_CASAS;8K;-0,186969444;-78,50583333;Mástiles;Terraza;Pichincha;QUITO;PICHINCHA;OPERATIVO
N1702176;Norte;LAS_CUADRAS;9C;;;;;Pichincha;QUITO;PICHINCHA;OPERATIVO
S090683;Sur;LAS_CUMBRES;9C;-2,164083333;-79,94658333;Torre;Terreno;Guayas;GUAYAQUIL;GUAYAS;OPERATIVO
S090163;Sur;LAS_ESCLUSAS;9F;-2,259722222;-79,87499722;Mástiles;Terraza;Guayas;GUAYAQUIL;GUAYAS;OPERATIVO
S090164;Sur;LAS_GARZAS;9B;-2,168333333;-79,89944444;Torre Autosoportada;Terreno;Guayas;GUAYAQUIL;GUAYAS;OPERATIVO
N080022;Norte;LAS_GOLONDRINAS;9A;0,32335;-79,20855833;Torre Autosoportada;Suelo;Imbabura;LAS GOLONDRINAS;GESM;OPERATIVO
N080023;Norte;LAS_PALMAS;9A;0,985733333;-79,65754444;Monopolo;Terreno;Esmeraldas;ESMERALDAS;GESM;OPERATIVO
N170852;Norte;LAS_PALMERAS;9F;-0,157333333;-78,47222222;Soportes;Terraza;Pichincha;QUITO;PICHINCHA;OPERATIVO
N080024;Norte;LAS_PENAS;9A;1,083619444;-79,16694722;Torre Autosoportada;Terreno;Esmeraldas;SANTA LUCIA DE LAS PEÑAS;GESM;OPERATIVO
N1701145;Norte;LAS_PENAS_UIO;9F;-0,296055556;-78,4675;Soportes;Terraza;Pichincha;QUITO;PICHINCHA;OPERATIVO
S090165;Sur;LAS_TEJAS;9C;-2,25175;-79,89283333;Monopolo;Terreno;Guayas;GUAYAQUIL;GUAYAS;OPERATIVO
N080025;Norte;LAS_VILLEGAS;9A;-0,062808333;-79,44278056;Torre Autosoportada;Suelo;Santo Domingo;LA VILLEGAS;GSTD;OPERATIVO
S130167;Sur;LAS_ACACIAS_CHONE;9C;-0,694527778;-80,10380556;Monopolo;Terreno;Manabí;CHONE;GCHONE;OPERATIVO
N020005;Sur;LAS_NAVES;9C;-1,286125;-79,31853056;Torre Autosoportada;Terreno;Bolivar;LAS NAVES;GQUEVEDO;OPERATIVO
S130047;Sur;LAS_PIEDRAS;9C;-0,375297222;-80,047525;Torre Autosoportada;Terreno;Manabí;ELOY ALFARO;GCHONE;OPERATIVO
S090043;Sur;LAS_PLAYAS;9A;-2,347222222;-79,26251111;Torre Autosoportada;Terreno;Cañar;EL PIEDRERO;GUAYAS;OPERATIVO
S130048;Sur;LASCANO;9A;-1,527141667;-80,22564167;Torre Autosoportada;Terreno;Manabí;LASCANO;GPORTOV;OPERATIVO
N050013;Norte;LASSO;9A;-0,854279;-78,608957;Torre Autosoportada;Suelo;Cotopaxi;JOSEGUANGO BAJO;GAMB;OPERATIVO
N050014;Norte;LATACUNGA;8C;-0,965502778;-78,56242222;Torre Autosoportada;Terreno;Cotopaxi;Latacunga;GAMB;OPERATIVO
N050024;Norte;LATACUNGA_2;9E;-0,9655;-78,56242222;Torre Autosoportada;Terreno;Cotopaxi;Latacunga;GAMB;DESINSTALADO
N050015;Norte;LATACUNGA_CENTRO;9C;-0,933305556;-78,61638889;Torre Autosoportada;Terreno;Cotopaxi;LATACUNGA;GAMB;OPERATIVO
N050016;Norte;LATACUNGA_CHANTUN;9C;-0,922280556;-78,63778611;Torre Autosoportada;Terreno;Cotopaxi;LATACUNGA;GAMB;OPERATIVO
N050017;Norte;LATACUNGA_COLISEO;9C;-0,934530556;-78,60752222;Torre Autosoportada;Terreno;Cotopaxi;LATACUNGA;GAMB;OPERATIVO
N050018;Norte;LATACUNGA_ESPE;9C;-0,936397222;-78,61167222;Torre Autosoportada;Terreno;Cotopaxi;LATACUNGA;GAMB;OPERATIVO
N050020;Norte;LATACUNGA_LORETO;9C;-0,952525;-78,61139444;Monopolo;Terreno;Cotopaxi;LATACUNGA;GAMB;OPERATIVO
N050019;Norte;LATACUNGA_MATRIZ;9C;-0,925288889;-78,62085833;Polos;Terraza;Cotopaxi;LATACUNGA;GAMB;OPERATIVO
N050021;Norte;LATACUNGA_NORTE;9F;-0,930019444;-78,61639722;Mástiles;Terraza;Cotopaxi;LATACUNGA;GAMB;OPERATIVO
N050022;Norte;LATACUNGA_NORTE_2;9E;-0,927530556;-78,61556111;Monopolo;Terreno;Cotopaxi;LATACUNGA;GAMB;OPERATIVO
N050023;Norte;LATACUNGA_SUR;9F;-0,938633333;-78,61366944;Mástiles;Terraza;Cotopaxi;LATACUNGA;GAMB;OPERATIVO
N170224;Norte;LAURELES;8F;-0,153636111;-78,47139722;Torre Autosoportada;Terreno;Pichincha;QUITO;PICHINCHA;OPERATIVO
N170225;Norte;LDU;8F;-0,109280556;-78,49113333;Monopolo;Terreno;Pichincha;QUITO;PICHINCHA;OPERATIVO
S120013;Sur;LECHUGAL;9C;-1,199755556;-79,41668611;Torre Autosoportada;Terreno;Los Ríos;ZAPOTAL;GQUEVEDO;OPERATIVO
N170708;Norte;LEGARDA;9F;-0,11585;-78,50153056;Soportes;Terraza;Pichincha;QUITO;PICHINCHA;OPERATIVO
N170853;Norte;LEONIDAS_PLAZA;9F;-0,206027778;-78,49108333;Soportes;Terraza;Pichincha;QUITO;PICHINCHA;OPERATIVO
S090166;Sur;LETAMENDI;8F;-2,205002778;-79,89028056;Torre Autosoportada;Terreno;Guayas;GUAYAQUIL;GUAYAS;OPERATIVO
S240009;Sur;LIBERTAD;8C;-2,227394444;-80,93531111;Torre Autosoportada;Terreno;Santa Elena;SALINAS;GSTAELENA;OPERATIVO
S240031;Norte;LIBERTAD_UIO;9F;-0,231222222;-78,52458333;Soportes;Terraza;Pichincha;QUITO;PICHINCHA;OPERATIVO
S240010;Sur;LIBERTAD_CENTRO;9E;-2,222697222;-80,91251667;Torre Autosoportada;Terreno;Santa Elena;LA LIBERTAD;GSTAELENA;OPERATIVO
S240011;Sur;LIBERTAD_SUR;9C;-2,235838889;-80,907225;Torre Autosoportada;Terreno;Santa Elena;LA LIBERTAD;GSTAELENA;OPERATIVO
N060014;Norte;LICAN;9C;-1,646136111;-78,70539167;Torre Autosoportada;Terreno;Chimborazo;LICAN;GRBA;OPERATIVO
N170227;Norte;LICEO_LA_ALBORADA;9C;-0,098336111;-78,48196111;Torre Autosoportada;Terreno;Pichincha;QUITO;PICHINCHA;OPERATIVO
N060015;Norte;LICTO;9C;-1,794416667;-78,61333333;Monopolo;Terreno;Chimborazo;LICTO;GRBA;OPERATIVO
S090044;Sur;LIMONAL;9C;-1,78895;-79,99758056;Torre Autosoportada;Terreno;Guayas;LIMONAL;GUAYAS;OPERATIVO
N210006;Norte;LIMONCOCHA;9C;-0,373780556;-76,63055833;Torre Autosoportada;Terreno;Sucumbios;LIMONCOCHA;GORE;OPERATIVO
N080026;Norte;LITA_N;9C;0,873722222;-78,46302778;Torre Tensada;Terreno;Esmeraldas;San Lorenzo;GIBA;OPERATIVO
S060046;Sur;LLAGOS;9C;-2,361058333;-78,99075278;Torre Tensada;Terreno;Chimborazo;LLAGOS;CUENCA;OPERATIVO
N1701304;Norte;LLANO_CHICO_CNT;9C;-0,126694444;-78,4455;Torre;Terreno;Pichincha;QUITO;PICHINCHA;OPERATIVO
N170228;Norte;LLANO_GRANDE;9C;-0,1128333;-78,43864;Monopolo;Suelo;Pichincha;QUITO;PICHINCHA;OPERATIVO
N170854;Norte;LLANO_GRANDE_OESTE;9C;-0,111973;-78,448378;Monopolo;Suelo;Pichincha;QUITO;PICHINCHA;OPERATIVO
N1701081;Norte;LLOA;9C;-0,245011111;-78,5812;Torre Autosoportada;Terreno;Pichincha;LLOA;PICHINCHA;OPERATIVO
N0500064;Norte;LOCOA_LATACUNGA;9C;-0,927194;-78,6067;;;Cotopaxi;LATACUNGA;GAMB;OPERATIVO
S140003;Sur;LOGRONO_N;8F;-2,629416667;-78,19963889;Monopolo;Terreno;Morona Santiago;LOGROÑO;CUENCA;OPERATIVO
S110007;Sur;LOJA;8C;-3,997808333;-79,21030278;Torre Autosoportada;Terreno;Loja;LOJA;GLOJA;OPERATIVO
S110014;Sur;LOJA_2;BA;-3,997805556;-79,21027778;Torre Autosoportada;Terreno;Loja;LOJA;GLOJA;DESINSTALADO
S110052;Sur;LOJA_ARGELIA;9C;-4,031413889;-79,20195833;Monopolo;Terreno;Loja;LOJA;GLOJA;OPERATIVO
S110008;Sur;LOJA_CENTRO;9C;-3,996530556;-79,20478056;Torreta;Terraza;Loja;LOJA;GLOJA;OPERATIVO
S110053;Sur;LOJA_COCA_COLA;9C;-3,967791667;-79,20973056;Monopolo;Terreno;Loja;LOJA;GLOJA;OPERATIVO
S110009;Sur;LOJA_ESTE;9C;-3,998069444;-79,19972222;Torre Autosoportada;Terreno;Loja;LOJA;GLOJA;OPERATIVO
S110010;Sur;LOJA_IESS;9C;-3,985019444;-79,20541944;Monopolo;Terreno;Loja;LOJA;GLOJA;OPERATIVO
S110011;Sur;LOJA_NORTE;9C;-3,954891667;-79,21089167;Torre Autosoportada;Terreno;Loja;LOJA;GLOJA;OPERATIVO
S110051;Sur;LOJA_OESTE_2;9C;-4,011966667;-79,21945833;Torre Autosoportada;Terreno;Loja;LOJA;GLOJA;OPERATIVO
S1100061;Sur;LOJA_SAN_PEDRO;9C;-4,00606;-79,2072;;;Loja;LOJA;GLOJA;OPERATIVO
S110012;Sur;LOJA_SANTIAGO;9C;-3,799361111;-79,26061111;Torre Autosoportada;Terreno;Loja;SANTIAGO;GLOJA;OPERATIVO
S110013;Sur;LOJA_SUR;9F;-4,015297222;-79,20418333;Mástiles;Terraza;Loja;LOJA;GLOJA;OPERATIVO
N170229;Norte;LOMA_DE_PUENGASI;9C;-0,243030556;-78,49530833;Polos;Terraza;Pichincha;QUITO;PICHINCHA;OPERATIVO
N170855;Norte;LOMA_REDONDA;9F;-0,095580556;-78,51216944;Soportes;Terraza;Pichincha;QUITO;PICHINCHA;OPERATIVO
N1701462;Norte;LOMAS_DE_CUMBAYA;9C;;;;;Pichincha;QUITO;PICHINCHA;OPERATIVO
S090045;Sur;LOMAS_DE_SARGENTILLO;8F;-1,872669444;-80,09694722;Torre Autosoportada;Terreno;Guayas;LOMAS DE SARGENTILLO;GUAYAS;OPERATIVO
S010125;Sur;LOPE_DE_VEGA;9C;-2,914452778;-79,02278333;Torreta;Terraza;Azuay;CUENCA;CUENCA;OPERATIVO
N220007;Norte;LORETO;9A;-0,694280556;-77,30766944;Torre Autosoportada;Terreno;Orellana;LORETO;GORE;OPERATIVO
N1701378;Norte;LOS_ALGARROBOS;9C;-0,174722222;-78,39761111;Monopolo;Terreno;Pichincha;QUITO;PICHINCHA;OPERATIVO
N170230;Norte;LOS_ARRAYANES;8F;-0,158419444;-78,37905833;Monopolo;Terreno;Pichincha;QUITO;PICHINCHA;OPERATIVO
N170231;Norte;LOS_BANCOS;9A;0,023222222;-78,89410278;Torre Autosoportada;Terreno;Pichincha;SAN MIGUEL DE LOS BANCOS;GSTD;OPERATIVO
N100035;Norte;LOS_CEIBOS_IBARRA;9C;0,329888889;-78,12080556;Torreta;Terreno;Imbabura;SAN MIGUEL DE IBARRA;GIBA;OPERATIVO
N170856;Norte;LOS_EUCALIPTOS;9F;-0,114166667;-78,48630556;Soportes;Terraza;Pichincha;QUITO;PICHINCHA;OPERATIVO
S090046;Sur;LOS_LAGOS;9E;-2,139808333;-79,86363611;Torre Autosoportada;Terreno;Guayas;GUAYAQUIL;GUAYAS;OPERATIVO
N1000058;Norte;LOS_OLIVOS_IBARRA;9C;0,360247;-78,112394;Torreta;Terraza;Imbabura;IBARRA;GIBA;OPERATIVO
S060065;Norte;LOS_OLIVOS_RIOBAMBA;9F;-1,661222222;-78,67405556;Soportes;Terraza;Chimborazo;RIOBAMBA;GRBA;OPERATIVO
S090167;Sur;LOS_PARQUES;9C;-2,179138889;-79,94416667;Torre Autosoportada;Terreno;Guayas;GUAYAQUIL;GUAYAS;OPERATIVO
N1701194;Norte;LOS_PINOS_UIO;9F;-0,137722222;-78,47475;Soportes;Terraza;Pichincha;QUITO;PICHINCHA;OPERATIVO
S090527;Sur;LOS_VERGELES;9C;-2,095305556;-79,90561111;Monopolo;Terreno;Guayas;GUAYAQUIL;GUAYAS;OPERATIVO
S090594;Sur;LOS_VERGELES2;9C;-2,091277778;-79,90711111;Monopolo;Terreno;Guayas;GUAYAQUIL;GUAYAS;OPERATIVO
S120050;Sur;LOS_ALBATROS_VINCES;9C;-1,565861111;-79,75383333;Monopolo;Terreno;Los Ríos;VINCES;GBABAHOYO;OPERATIVO
S130166;Sur;LOS_ALMENDROS_MANTA;9C;-0,947230556;-80,73272222;Torre Autosoportada;Terreno;Manabí;MANTA;GMANTA;OPERATIVO
S130049;Sur;LOS_ESTEROS_DE_MANTA;9A;-0,951711111;-80,70001667;Monopolo;Terreno;Manabí;MANTA;GMANTA;OPERATIVO
N1702206;Norte;LUCHA_DE_LOS_POBRES_;#N/D;;;;;;;PICHINCHA;NUEVO
N210007;Norte;LUMBAQUI;8C;0,008305556;-77,32102778;Torre Autosoportada;Terreno;Sucumbios;LUMBAQUI;GORE;OPERATIVO
N1702180;Norte;LUMBISI;8L;;;;;;;PICHINCHA;NUEVO
N230009;Norte;LUZ_DE_AMERICA;9C;-0,395919444;-79,29214167;Torre Autosoportada;Terreno;Santo Domingo;LUZ DE AMERICA;GSTD;OPERATIVO
N110045;Sur;MACARA;9C;-4,363108333;-79,94099722;Torre Autosoportada;Terreno;Loja;MACARA;GLOJA;OPERATIVO
N1701187;Norte;MACARENA_2_UIO;9F;-0,088777778;-78,43983333;Soportes;Terraza;Pichincha;QUITO;PICHINCHA;OPERATIVO
N140008;Norte;MACAS;9A;-2,303827778;-78,14028333;Torre Autosoportada;Terreno;Morona Santiago;MACAS;GTENA;OPERATIVO
S140004;Norte;MACAS_CENTRO;9C;-2,305847222;-78,11919167;Torreta;Terraza;Morona Santiago;MACAS;GTENA;OPERATIVO
N170232;Norte;MACHACHI;8F;-0,517455556;-78,57714444;Torre Autosoportada;Terreno;Pichincha;ALOASI;PICHINCHA;OPERATIVO
N170233;Norte;MACHACHI_CENTRO;9C;-0,510833333;-78,56751944;Torre Autosoportada;Terreno;Pichincha;MACHACHI;PICHINCHA;OPERATIVO
N170857;Norte;MACHACHI_CONDABULO;9C;-0,495947222;-78,57085278;Monopolo;Terreno;Pichincha;MACHACHI;PICHINCHA;OPERATIVO
S070015;Sur;MACHALA;8F;-3,257233333;-79,95916944;Torre Autosoportada;Terreno;El Oro;MACHALA;GELORO;OPERATIVO
S070017;Sur;MACHALA_CENTRO;8F;-3,261930556;-79,95391944;Torre Autosoportada;Terreno;El Oro;MACHALA;GELORO;OPERATIVO
S070077;Sur;MACHALA_CIRCUN_NORTE;9C;-3,247794444;-79,96166944;Monopolo;Terreno;El Oro;MACHALA;GELORO;OPERATIVO
S070018;Sur;MACHALA_ESTE;8C;-3,267052778;-79,94783889;Torre Autosoportada;Terreno;El Oro;MACHALA;GELORO;OPERATIVO
S0700098;Sur;MACHALA_FERROVIARIA;9C;-3,2735;-79,9306;;;El Oro;MACHALA;GELORO;OPERATIVO
S070064;Sur;MACHALA_IESS;9F;-3,2505;-79,97139167;Mástiles;Terraza;El Oro;MACHALA;GELORO;OPERATIVO
S0700099;Sur;MACHALA_LA_FLORESTA;9C;-3,25044;-79,9524;;;El Oro;MACHALA;GELORO;OPERATIVO
S070019;Sur;MACHALA_NORESTE;8F;-3,261058333;-79,93539167;Monopolo;Terreno;El Oro;MACHALA;GELORO;OPERATIVO
S070020;Sur;MACHALA_NORTE;9C;-3,250836111;-79,94136389;Monopolo;Terreno;El Oro;MACHALA;GELORO;OPERATIVO
S070021;Sur;MACHALA_OESTE;8F;-3,258597222;-79,99400556;Torre Autosoportada;Terreno;El Oro;MACHALA;GELORO;OPERATIVO
S070095;Sur;MACHALA_OESTE_2;9C;-3,259777778;-79,96480556;Torreta;Terreno;El Oro;MACHALA;GELORO;OPERATIVO
S070096;Sur;MACHALA_PARQ_LINEAL;9C;-3,262361111;-79,97169444;Torreta;Terreno;El Oro;MACHALA;GELORO;OPERATIVO
S0700102;Sur;MACHALA_PUERTO_BOLIVAR;#N/D;-3,275305555;-79,999;Torreta;Terraza;El Oro;MACHALA;GELORO;DESINSTALADO
S070009;Sur;MACHALA_SHOPPING;9C;-3,282641667;-79,93053056;Monopolo;Terreno;El Oro;MACHALA;GELORO;OPERATIVO
S070022;Sur;MACHALA_SUR;9C;-3,275561111;-79,96103056;Monopolo;Terreno;El Oro;MACHALA;GELORO;OPERATIVO
S130050;Sur;MACHALILLA;9C;-1,462797222;-80,75723333;Torre;Terreno;Manabí;MACHALILLA;GMANTA;OPERATIVO
S010028;Sur;MACHANGARA;9E;-2,883502778;-78,95040278;Torre Autosoportada;Terreno;Azuay;CUENCA;CUENCA;OPERATIVO
N230010;Norte;MACHE_GRANDE;9C;-0,148347222;-79,23307222;Monopolo;Terreno;Santo Domingo;VALLE HERMOSO;GSTD;OPERATIVO
N170804;Norte;MACRO_CC_RECREO;9F;-0,252805556;-78,52330556;Soportes;Terraza;Pichincha;QUITO;PICHINCHA;OPERATIVO
S090048;Sur;MACUL;9A;-1,132511111;-79,696675;Monopolo;Terreno;Guayas;BALZAR;GQUEVEDO;OPERATIVO
N170234;Norte;MADRE;8C;-0,137669444;-78,49275278;Torre Autosoportada;Terreno;Pichincha;QUITO;PICHINCHA;OPERATIVO
N100045;Norte;MAGNOLIA_INTAG;9A;0,241972222;-78,66633333;Torre;Terreno;Imbabura;GARCIA MORENO;PICHINCHA;OPERATIVO
S110015;Sur;MALACATOS;9C;-4,228419444;-79,2314;Torre Autosoportada;Terreno;Loja;MALACATOS;GLOJA;OPERATIVO
N170235;Norte;MALDONADO;9F;-0,248636111;-78,52041944;Mástiles;Terraza;Pichincha;QUITO;PICHINCHA;OPERATIVO
S060062;Norte;MALDONADO_RIOBAMBA;9F;-1,670833333;-78,64444444;Soportes;Terraza;Chimborazo;RIOBAMBA;GRBA;OPERATIVO
S090168;Sur;MALECON_CENTRO;9F;-2,193333333;-79,88083333;Mástiles;Terraza;Guayas;GUAYAQUIL;GUAYAS;OPERATIVO
S090169;Sur;MALECON_NORTE;9F;-2,185558333;-79,87694444;Mástiles;Terraza;Guayas;GUAYAQUIL;GUAYAS;OPERATIVO
N200007;Norte;MALECON_PTO_AYORA;8M;-0,744447222;-90,31253056;Torre Autosoportada;Terreno;Galápagos;PUERTO AYORA;GALÁPAGOS (SANTA CRUZ);OPERATIVO
S090170;Sur;MALECON_SUR;9F;-2,197222222;-79,88055833;Mástiles;Terraza;Guayas;GUAYAQUIL;GUAYAS;OPERATIVO
S240025;Sur;MALECON_SALINAS;9F;-2,205563889;-80,97111667;Mástiles;Terraza;Santa Elena;SALINAS;GSTAELENA;OPERATIVO
N080027;Norte;MALIMPIA;9C;0,409891667;-79,42630833;Monopolo;Terreno;Esmeraldas;MALIMPIA;GESM;OPERATIVO
N180034;Norte;MALL_DE_LOS_ANDES;9C;-1,264916667;-78,62644444;Monopolo;Terreno;Tungurahua;AMBATO;GAMB;OPERATIVO
S090171;Sur;MALL_DEL_SUR;9C;-2,23;-79,89805833;Torreta;Terraza;Guayas;GUAYAQUIL;GUAYAS;OPERATIVO
S010029;Sur;MALL_DEL_RIO;9C;-2,91975;-79,0143;;;Azuay;CUENCA;CUENCA;OPERATIVO
N050053;Norte;MALTERIA_PLAZA_OUTDOOR_LATACUNGA;9F;-0,928;-78,62697222;Soportes;Terraza;Cotopaxi;LATACUNGA;GAMB;OPERATIVO
S090450;Sur;MALVINAS;9C;-2,227;-79,90827778;Torre;Terreno;Guayas;GUAYAQUIL;GUAYAS;OPERATIVO
S000002;Sur;MANGA_DE_CURA;9A;-0,668622222;-79,61305833;Torre Autosoportada;Terreno;Manabí;MANGA DEL CURA;GQUEVEDO;OPERATIVO
S240012;Sur;MANGLAR_ALTO;9C;-1,863358333;-80,73664167;Torre Autosoportada;Terreno;Santa Elena;MANGLARALTO;GSTAELENA;OPERATIVO
N170236;Norte;MANOSCA;8F;-0,177058333;-78,49155833;Mástiles;Terraza;Pichincha;QUITO;PICHINCHA;OPERATIVO
N170237;Norte;MANOSCA_2;8K;-0,176419444;-78,49594722;Soportes;Terraza;Pichincha;QUITO;PICHINCHA;OPERATIVO
S130051;Sur;MANTA_2000;9A;-0,958447222;-80,75556944;Monopolo;Terreno;Manabí;MANTA;GMANTA;OPERATIVO
S130052;Sur;MANTA_BANCO_CENTRAL;9C;-0,947222222;-80,72252222;Torre Autosoportada;Terreno;Manabí;MANTA;GMANTA;OPERATIVO
S130053;Sur;MANTA_BEACH;9C;-0,957225;-80,76128056;Monopolo;Terreno;Manabí;MANTA;GMANTA;OPERATIVO
S130054;Sur;MANTA_CENTRO;8C;-0,959183333;-80,71290833;Torre Autosoportada;Terreno;Manabí;MANTA;GMANTA;OPERATIVO
S130055;Sur;MANTA_ESTE;8F;-0,951691667;-80,67055;Torre Autosoportada;Terreno;Manabí;MANTA;GMANTA;OPERATIVO
S1300211;Sur;MANTA_IESS;9C;-0,955667;-80,7227;;;Manabí;MANTA;GMANTA;OPERATIVO
S130120;Sur;MANTA_LA_DOLOROSA;9F;-0,952836111;-80,73028056;Soportes;Terraza;Manabí;MANTA;GMANTA;OPERATIVO
S1300209;Sur;MANTA_MALL_DEL_PACIFICO;9C;-0,942306;-80,7324;;;Manabí;MANTA;GMANTA;OPERATIVO
S130185;Sur;MANTA_MERCADO_TARQUI;9F;-0,953861111;-80,71491667;Soportes;Terraza;Manabí;MANTA;GMANTA;OPERATIVO
S130056;Sur;MANTA_NORTE;8F;-0,947108333;-80,72549444;Torre Autosoportada;Terreno;Manabí;MANTA;GMANTA;OPERATIVO
S130057;Sur;MANTA_OESTE;8F;-0,95355;-80,74336111;Torre Autosoportada;Terreno;Manabí;MANTA;GMANTA;OPERATIVO
S130188;Sur;MANTA_TERMINAL;9F;-0,9495;-80,72302778;Soportes;Terraza;Manabí;MANTA;GMANTA;OPERATIVO
S1300218;Sur;MANTA_VIA_AEROPUERTO;#N/D;-0,950516666;-80,70706944;Torre Tensada;Suelo;Manabí;MANTA;GMANTA;DESINSTALADO
S130058;Sur;MANTA_YATCH_CLUB;9C;-0,943072222;-80,72525278;Torre Autosoportada;Terreno;Manabí;MANTA;GMANTA;OPERATIVO
N170989;Norte;MANUEL_LARREA_UIO;9C;-0,206583333;-78,50152778;Torreta;Terreno;Pichincha;QUITO;PICHINCHA;OPERATIVO
N170238;Norte;MANUEL_LIZARZABURU;9F;-0,150891667;-78,46973611;Mástiles;Terraza;Pichincha;QUITO;PICHINCHA;OPERATIVO
S090172;Sur;MAPASINGUE;8C;-2,149169444;-79,92444444;Torre Autosoportada;Terreno;Guayas;GUAYAQUIL;GUAYAS;OPERATIVO
S090173;Sur;MAPASINGUE_ESTE;9C;-2,155;-79,93305833;Monopolo;Terreno;Guayas;GUAYAQUIL;GUAYAS;OPERATIVO
S090561;Sur;MAPASINGUE_ESTE2;9C;-2,157166667;-79,92325;Monopolo;Terreno;Guayas;GUAYAQUIL;GUAYAS;OPERATIVO
S090174;Sur;MAPASINGUE_SUR;9C;-2,1615;-79,93416667;Torre Autosoportada;Terreno;Guayas;GUAYAQUIL;GUAYAS;OPERATIVO
N070072;Sur;MARCABELI;9C;-3,798844444;-79,90283611;Torre Autosoportada;Terreno;El Oro;MARCABELI;GELORO;OPERATIVO
S090049;Sur;MARCELINO_MARIDUENA;9C;-2,217797222;-79,43973611;Torre Autosoportada;Terreno;Guayas;Marcelino Maridueña;GUAYAS;OPERATIVO
S130163;Sur;MARIA_AUXILIADORA_MANTA;9C;-0,975083333;-80,71191667;Torre Autosoportada;Terreno;Manabí;MANTA;GMANTA;OPERATIVO
N170239;Norte;MARIANA_DE_JESUS;8F;-0,183341667;-78,49513611;Torre Autosoportada;Terreno;Pichincha;QUITO;PICHINCHA;OPERATIVO
S010100;Sur;MARIANO_CUEVA;9C;-2,893058333;-79;Torreta;Terreno;Azuay;CUENCA;CUENCA;OPERATIVO
S010126;Sur;MARISCAL_LAMAR;9C;-2,89445;-79,00808056;Monopolo;Terreno;Azuay;CUENCA;CUENCA;OPERATIVO
S090175;Sur;MASCOTE;9F;-2,191111111;-79,88722222;Mástiles;Terraza;Guayas;GUAYAQUIL;GUAYAS;OPERATIVO
N170761;Norte;MATERNIDAD_2;9F;-0,213611111;-78,499975;Soportes;Terraza;Pichincha;QUITO;PICHINCHA;OPERATIVO
N170240;Norte;MATOVELLE;9C;-0,131133333;-78,48723333;Torre Autosoportada;Terreno;Pichincha;QUITO;PICHINCHA;OPERATIVO
N180025;Norte;MATRIZ_AMBATO;9C;-1,239058333;-78,62555833;Torreta;Terraza;Tungurahua;AMBATO;GAMB;OPERATIVO
N170241;Norte;MATRIZ_BANCO_PICHINCHA;9F;-0,2089;-78,50057222;Mástiles;Terraza;Pichincha;QUITO;PICHINCHA;OPERATIVO
S010157;Sur;MAZAR;9A;-2,581672222;-78,58863611;Torre Autosoportada;Terreno;Azuay;AMALUZA;CUENCA;OPERATIVO
N1701350;Norte;MEDITROPOLI;8K;-0,182641667;-78,50350278;Mástiles;Terraza;Pichincha;QUITO;PICHINCHA;OPERATIVO
N170242;Norte;MEGAMAXI;8K;-0,181136111;-78,47880833;Mástiles;Terraza;Pichincha;QUITO;PICHINCHA;OPERATIVO
S090176;Sur;MEGAMAXI_LOS_CEIBOS;9C;-2,173080556;-79,93953056;Torreta;Terraza;Guayas;GUAYAQUIL;GUAYAS;OPERATIVO
N180026;Norte;MEGAMAXI_MALL_ANDES;9C;-1,265022222;-78,62816944;Torre Autosoportada;Terreno;Tungurahua;AMBATO;GAMB;OPERATIVO
S130059;Sur;MEMBRILLO;9A;-0,848916667;-79,92227778;Torre Autosoportada;Terreno;Manabí;MEMBRILLO;GCHONE;OPERATIVO
N170243;Norte;MENA_2;9F;-0,257808333;-78,54378056;Mástiles;Terraza;Pichincha;QUITO;PICHINCHA;OPERATIVO
N170244;Norte;MENA_DEL_HIERRO;9C;-0,109444444;-78,503625;Torre Autosoportada;Terreno;Pichincha;QUITO;PICHINCHA;OPERATIVO
N170860;Norte;MENA_NORTE;9F;-0,256966667;-78,55195556;Mástiles;Terraza;Pichincha;QUITO;PICHINCHA;OPERATIVO
S140012;Sur;MENDEZ;9C;-2,724257;-78,335796;Torre Autosoportada;Suelo;Morona Santiago;CHUPIANZA;CUENCA;OPERATIVO
N160002;Norte;MERA;9C;-1,456686111;-78,11001111;Torre Autosoportada;Terreno;Pastaza;MERA;GTENA;OPERATIVO
S030038;Sur;MERC_SAN_FRANCISCO_AZOGUES;9F;-2,742055556;-78,84472222;Soportes;Terraza;Cañar;AZOGUES;CUENCA;OPERATIVO
N180027;Norte;MERCADO_CENTRAL_AMBATO;9C;-1,241958333;-78,62334444;Torre Autosoportada;Terreno;Tungurahua;AMBATO;GAMB;OPERATIVO
N170861;Norte;MERCADO_INAQUITO;9F;-0,171666667;-78,48722778;Soportes;Terraza;Pichincha;QUITO;PICHINCHA;OPERATIVO
N1701408;Norte;MERCADO_MAGDALENA;9F;-0,241691667;-78,53113056;Mástiles;Terraza;Pichincha;QUITO;PICHINCHA;OPERATIVO
S090177;Sur;MERCADO_MASCOTE;9C;-2,196277778;-79,89038889;Torre Autosoportada;Terreno;Guayas;GUAYAQUIL;GUAYAS;OPERATIVO
S090178;Sur;MERCADO_OESTE;9C;-2,192222222;-79,89974722;Monopolo;Terreno;Guayas;GUAYAQUIL;GUAYAS;OPERATIVO
N180028;Norte;MERCADO_SUR_AMBATO;9C;-1,257233333;-78,63611111;Torre Autosoportada;Terreno;Tungurahua;AMBATO;GAMB;OPERATIVO
N010161;Sur;MERCADO_12_DE_ABRIL_CUENCA;9C;-2,90183;-78,9922;;;Azuay;CUENCA;CUENCA;OPERATIVO
S010195;Sur;MERCADO_27_DE_FEBRERO_CUENCA;9F;-2,913111111;-79,00758333;Soportes;Terraza;Azuay;CUENCA;CUENCA;OPERATIVO
S010031;Sur;MERCADO_GUALACEO;9C;-2,889744444;-78,77751667;Polos;Terraza;Azuay;GUALACEO;CUENCA;OPERATIVO
N1701473;Norte;METRO_NORTE_UIO;9C;-0,155399;-78,487872;Torreta;Terraza;Pichincha;QUITO;PICHINCHA;OPERATIVO
S090685;Sur;METROPOLI_GYE;9C;-2,067763889;-79,90978611;Monopolo;Terreno;Guayas;GUAYAQUIL;GUAYAS;OPERATIVO
N170245;Norte;MEXTERIOR;9F;-0,153069444;-78,49585;Mástiles;Terraza;Pichincha;QUITO;PICHINCHA;OPERATIVO
S090179;Sur;MICRO_AEROPUERTO_GYE;9F;-2,146866667;-79,88510833;Mástiles;Terraza;Guayas;GUAYAQUIL;GUAYAS;OPERATIVO
S090050;Sur;MICRO_BALAO;9C;-2,914169444;-79,81691944;Torre Autosoportada;Terreno;Guayas;BALAO;GUAYAS;OPERATIVO
S090180;Sur;MICRO_BASE_AEREA_TAURA;9C;-2,250572222;-79,66653056;Monopolo;Terreno;Guayas;VIRGEN DE FATIMA;GUAYAS;OPERATIVO
N220008;Norte;MICRO_CAMPO_YUCA;9A;-0,491752778;-76,89041944;Torre Tensada;Terreno;Orellana;Coca;GORE;OPERATIVO
N170246;Norte;MICRO_CC_EL_RECREO;9C;-0,252525;-78,52316944;Soportes;IBS;Pichincha;QUITO;PICHINCHA;OPERATIVO
S070023;Sur;MICRO_CHILLA;9C;-3,498669444;-79,62928056;Torre Autosoportada;Terreno;El Oro;CHILLA;GELORO;OPERATIVO
N220009;Norte;MICRO_COCA_SUR;9A;-0,485575;-76,98664167;Torre Autosoportada;Terreno;Orellana;El Coca;GORE;OPERATIVO
N170247;Norte;MICRO_ENTRADA_CHAUPI;9C;-0,564736111;-78,59085833;Torre Autosoportada;Terreno;Pichincha;MACHACHI;PICHINCHA;OPERATIVO
N170248;Norte;MICRO_GUITIG;9C;-0,505666667;-78,54294444;Torre Autosoportada;Terreno;Pichincha;MACHACHI;PICHINCHA;OPERATIVO
N230011;Norte;MICRO_JULIO_MORENO;9C;-0,318347222;-79,16828056;Torre Autosoportada;Terreno;Santo Domingo;SANTO DOMINGO DE LOS COLORADOS;GSTD;OPERATIVO
N050026;Norte;MICRO_NEVADO_ECUADOR;9C;-1,098633333;-78,61830833;Torre Autosoportada;Terreno;Cotopaxi;MULALILLO;GAMB;OPERATIVO
N050025;Norte;MICRO_NEVADO_MONTERREY;9C;-1,042919444;-78,68805833;Torre Autosoportada;Terreno;Cotopaxi;PUJILI;GAMB;OPERATIVO
S090051;Sur;MICRO_PEDRO_CARBO;9A;-1,817141667;-80,23196944;Mástiles;Terraza;Guayas;PEDRO CARBO;GUAYAS;OPERATIVO
S090181;Sur;MICRO_PUNTILLA;9C;-2,155280556;-79,86833333;Monopolo;Terreno;Guayas;GUAYAQUIL;GUAYAS;OPERATIVO
S090183;Sur;MICRO_RIOCENTRO;9C;-2,175280556;-79,94444444;Torre Autosoportada;Terreno;Guayas;GUAYAQUIL;GUAYAS;OPERATIVO
N140009;Norte;MICRO_SAN_JOSE;9A;-2,106916667;-78,02533333;Torre Tensada;Terreno;Morona Santiago;CHIGUAZA;GTENA;OPERATIVO
N170251;Norte;MICRO_SIMON_BOLIVAR_1A;9C;-0,212244444;-78,46264167;Torre Autosoportada;Terreno;Pichincha;QUITO;PICHINCHA;OPERATIVO
N170253;Norte;MICRO_SIMON_BOLIVAR_2B;9F;-0,230297222;-78,49196944;Mástiles;Terraza;Pichincha;QUITO;PICHINCHA;DESINSTALADO
N170255;Norte;MICRO_SIMON_BOLIVAR_3A;9F;-0,251808333;-78,50417222;Mástiles;Terraza;Pichincha;QUITO;PICHINCHA;OPERATIVO
N170361;Norte;MICRO_SIMON_BOLIVAR_4A;9C;-0,271527778;-78,508;Torreta;Terreno;Pichincha;QUITO;PICHINCHA;OPERATIVO
N170257;Norte;MICRO_SIMON_BOLIVAR_5B;9A;-0,287780556;-78,52000833;Torre Autosoportada;Terreno;Pichincha;QUITO;PICHINCHA;OPERATIVO
N140010;Norte;MICRO_SUCUA;9C;-2,467027778;-78,15436111;Torre Autosoportada;Terreno;Morona Santiago;SUCUA;GTENA;OPERATIVO
N170258;Norte;MICRO_TESALIA;9C;-0,497555556;-78,54119444;Torre Autosoportada;Terreno;Pichincha;MACHACHI;PICHINCHA;OPERATIVO
N170259;Norte;MICRO_VIA_CUMBAYA;9C;-0,181694444;-78,45477778;Torre Tensada;Terreno;Pichincha;QUITO;PICHINCHA;OPERATIVO
S090541;Sur;MICRO_VIA_DATA_VILLAMIL;9C;-2,693669444;-80,33239167;Monopolo;Terreno;Guayas;Data Villamil;GSTAELENA;OPERATIVO
S120014;Sur;MICRO_PRONACA_QUEVED;9F;-0,776925;-79,46444444;Mástiles;Terraza;Los Ríos;SAN JACINTO DE BUENA FE;GQUEVEDO;OPERATIVO
N170251;Norte;MICRO_SIMON_BOLIVAR_1A-2_POSTE_1_/_N170251;9C;;;;;;;PICHINCHA;NUEVO
N170251;Norte;MICRO_SIMON_BOLIVAR_1A-2_POSTE_4_/_N170251;9C;;;;;;;PICHINCHA;NUEVO
N170251;Norte;MICRO_SIMON_BOLIVAR_1A-2_POSTE_5_/_N170251;9C;;;;;;;PICHINCHA;NUEVO
N170251;Norte;MICRO_SIMON_BOLIVAR_1A-2_POSTE_6_/_N170251;9C;;;;;;;PICHINCHA;NUEVO
N170251;Norte;MICRO_SIMON_BOLIVAR_1A-2_POSTE_7_/_N170251;9C;;;;;;;PICHINCHA;NUEVO
N1701224;Norte;MIGUEL_ANGEL_LA_PRIMAVERA;9F;-0,213777778;-78,42541667;Soportes;Terraza;Pichincha;QUITO;PICHINCHA;OPERATIVO
N1701307;Norte;MIGUEL_ITURRALDE_UIO;9C;-0,20991667;-78,39027778;Monopolo;Suelo;Pichincha;QUITO;PICHINCHA;OPERATIVO
S010170;Sur;MIGUEL_CABELLO_CUENCA;9C;-2,910530556;-79,03472222;Monopolo;Terreno;Azuay;CUENCA;CUENCA;OPERATIVO
S090052;Sur;MILAGRO;8C;-2,1287;-79,58468056;Torre Autosoportada;Terreno;Guayas;MILAGRO;GUAYAS;OPERATIVO
S090053;Sur;MILAGRO_CENTRO;9C;-2,127419444;-79,59691944;Monopolo;Terreno;Guayas;MILAGRO;GUAYAS;OPERATIVO
S090054;Sur;MILAGRO_NORTE;9C;-2,122786111;-79,58764167;Torre Autosoportada;Terreno;Guayas;MILAGRO;GUAYAS;OPERATIVO
S090055;Sur;MILAGRO_SUR;9C;-2,143391667;-79,58584444;Torre Autosoportada;Terreno;Guayas;MILAGRO;GUAYAS;OPERATIVO
S090496;Sur;MILAGRO_TELCONET;10E;-2,127778;-79,591389;;;Guayas;Milagro;GUAYAS;DESINSTALADO
N170260;Norte;MINDO;9C;-0,064441667;-78,77280278;Torre Autosoportada;Terreno;Pichincha;MINDO;PICHINCHA;OPERATIVO
N1701205;Norte;MINISTERIO_DE_JUSTICIA;9F;-0,202055556;-78,48697222;Soportes;Terraza;Pichincha;QUITO;PICHINCHA;OPERATIVO
N170261;Norte;MINISTERIO_FINANZAS;8K;-0,20335;-78,49779722;Mástiles;Terraza;Pichincha;QUITO;PICHINCHA;OPERATIVO
N040009;Norte;MIRA;9C;0,547058333;-78,02334444;Torre Autosoportada;Terreno;Carchi;Mira;GIBA;OPERATIVO
NTEMP045;Norte;MIRADOR_DEL_VALLE;#N/D;;;;;;;PICHINCHA;NUEVO
N170262;Norte;MIRAFLORES;8F;-0,203558333;-78,50113333;Torre Autosoportada;Terreno;Pichincha;QUITO;PICHINCHA;OPERATIVO
N180029;Norte;MIRAFLORES_ALTO;9C;-1,254169444;-78,64080833;Torre Autosoportada;Terreno;Tungurahua;AMBATO;GAMB;OPERATIVO
N050052;Norte;MIRAFLORES_LATACUNGA;9F;-0,943555556;-78,61163889;Soportes;Terraza;Cotopaxi;LATACUNGA;GAMB;OPERATIVO
N170263;Norte;MIRASIERRA;9C;-0,291363889;-78,44925278;Monopolo;Terreno;Pichincha;QUITO;PICHINCHA;OPERATIVO
S010032;Sur;MISICATA;9C;-2,908169444;-79,05555833;Torre Autosoportada;Terreno;Azuay;CUENCA;CUENCA;OPERATIVO
S120015;Sur;MOCACHE;9C;-1,185941667;-79,50523333;Torre Autosoportada;Terreno;Los Ríos;MOCACHE;GQUEVEDO;OPERATIVO
N180030;Norte;MOCHA;9C;-1,440169444;-78,66741944;Torre Autosoportada;Terreno;Tungurahua;Mocha;GRBA;OPERATIVO
N170863;Norte;MOISES_LUNA;9F;-0,107083333;-78,48313889;Soportes;Terraza;Pichincha;QUITO;PICHINCHA;OPERATIVO
S010033;Sur;MOLLETURO;9A;-2,754983333;-79,40006667;Torre Autosoportada;Terreno;Azuay;MOLLETURO;CUENCA;OPERATIVO
N080028;Norte;MOMPICHE;9A;0,496558333;-80,02705833;Torre Autosoportada;Terreno;Esmeraldas;MUISNE;GESM;OPERATIVO
S010034;Sur;MONAY;8F;-2,900291667;-78,98238333;Torre Autosoportada;Terreno;Azuay;CUENCA;CUENCA;OPERATIVO
S010169;Sur;MONAY_SHOPPING;9C;-2,897722222;-78,97847222;Torreta;Terreno;Azuay;CUENCA;CUENCA;OPERATIVO
N170264;Norte;MONJAS;9A;-0,22;-78,48695833;Torre Autosoportada;Terreno;Pichincha;QUITO;PICHINCHA;OPERATIVO
S120016;Sur;MONTALVO;9A;-1,781677778;-79,28828056;Torre Autosoportada;Terreno;Los Ríos;MONTALVO;GBABAHOYO;OPERATIVO
S240013;Sur;MONTANITA;9D;-1,8153;-80,75591944;Torre Autosoportada;Terreno;Santa Elena;MANGLARALTO;GSTAELENA;OPERATIVO
S090184;Sur;MONTEBELLO;9C;-2,096391667;-79,94194444;Monopolo;Terreno;Guayas;GUAYAQUIL;GUAYAS;OPERATIVO
S130060;Sur;MONTECRISTI;9D;-1,052419444;-80,66057222;Torre Autosoportada;Terreno;Manabí;MONTECRISTI;GMANTA;OPERATIVO
N170266;Norte;MONTEOLIVO;9C;-0,163344444;-78,46305833;Monopolo;Terreno;Pichincha;QUITO;PICHINCHA;OPERATIVO
N230012;Norte;MONTERREY;9C;-0,033358333;-79,49613611;Torre Autosoportada;Suelo;Santo Domingo;MONTERREY;GSTD;OPERATIVO
N170267;Norte;MONTESERRIN;9F;-0,158333333;-78,46325278;Mástiles;Terraza;Pichincha;QUITO;PICHINCHA;OPERATIVO
N170268;Norte;MONTUFAR;9A;-0,236505556;-78,51306667;Torre Autosoportada;Terreno;Pichincha;QUITO;PICHINCHA;OPERATIVO
N050027;Sur;MORASPUNGO;9A;-1,175669444;-79,22475278;Torre Tensada;Terreno;Cotopaxi;MORASPUNGO;GQUEVEDO;OPERATIVO
N180031;Norte;MOVIL_AMBATO_1;9C;-1,226530556;-78,59194444;Torre Autosoportada;Terreno;Tungurahua;IZAMBA;GAMB;OPERATIVO
N170269;Norte;MOVIL_CAPELO;9C;-0,304447222;-78,47841944;Torreta;Terreno;Pichincha;QUITO;PICHINCHA;OPERATIVO
S1300202;Norte;MOVIL_CARMEN_CENTRO;9C;-0,277861111;-79,46561111;Torreta;Suelo;Manabí;EL CARMEN;GSTD;OPERATIVO
N170270;Norte;MOVIL_CEMEXPO;9C;-0,03277778;-78,45452778;Monopolo;Suelo;Pichincha;QUITO;PICHINCHA;OPERATIVO
N170271;Norte;MOVIL_CINCO_CAUPICHO;9C;-0,328388889;-78,54022222;Torre Autosoportada;Terreno;Pichincha;QUITO;PICHINCHA;OPERATIVO
S090114;Sur;MOVIL_COCA_COLA_GYE;9C;-2,1403;-79,91403056;Torre Autosoportada;Terreno;Guayas;GUAYAQUIL;GUAYAS;OPERATIVO
N170272;Norte;MOVIL_FUNDEPORTE;9C;-0,296944;-78,565833;Torre Autosoportada;Suelo;Pichincha;QUITO;PICHINCHA;OPERATIVO
N050029;Norte;MOVIL_LATACUNGA;9C;-0,987806;-78,598444;Torre Autosoportada;Suelo;Cotopaxi;Latacunga;GAMB;OPERATIVO
N180033;Norte;MOVIL_MALL_ANDES_2;9E;-1,263619444;-78,62696944;Torre Autosoportada;Terreno;Tungurahua;AMBATO;GAMB;DESINSTALADO
N170274;Norte;MOVIL_RUMINAHUI;9C;-0,327511111;-78,45316944;Torreta;Terreno;Pichincha;QUITO;PICHINCHA;OPERATIVO
N080029;Norte;MOVIL_TONSUPA_CENTRO;9A;0,891958333;-79,81203056;Torre Autosoportada;Terreno;Esmeraldas;TONSUPA;GESM;OPERATIVO
N180035;Norte;MOVIL_TOTORAS;9C;-1,308908333;-78,59816944;Torre Autosoportada;Terreno;Tungurahua;TOTORAS;GRBA;OPERATIVO
N0400021;Norte;MOVIL_TULCAN_SUR;9C;;;;;;;GIBA;NUEVO
S030020;Sur;MOVIL_AZOGUES;9B;-2,739183333;-78,82834444;Mástiles;Terraza;Cañar;LUIS CORDERO;CUENCA;OPERATIVO
S1300203;Sur;MOVIL_CHONE_ESTE;9C;-0,698528;-80,0869;;;Manabí;CHONE;GCHONE;OPERATIVO
S1300210;Sur;MOVIL_CRISTO_CONSUELO;9C;-0,985222;-80,7249;;;Manabí;MANTA;GMANTA;OPERATIVO
S1300201;Sur;MOVIL_CRUCITA_CENTRO;9C;-0,871194444;-80,53911111;Torreta;Suelo;Manabí;CRUCITA;GPORTOV;OPERATIVO
S2400052;Sur;MOVIL_ENTRADA_LIBERTAD;9C;-2,23056;-80,8886;;;Santa Elena;LA LIBERTAD;GSTAELENA;OPERATIVO
S010035;Sur;MOVIL_HUAYNACAPAC_SUR;9A;-2,903419444;-78,99878056;Torre Tensada;Terreno;Azuay;CUENCA;CUENCA;OPERATIVO
S010036;Sur;MOVIL_LAS_AMERICAS;9A;-2,885858333;-79,00314167;Torre Tensada;Terreno;Azuay;CUENCA;DESINSTALADA;DESINSTALADO
S2400054;Sur;MOVIL_LIBERTAD;9C;-2,22453;-80,9049;;;Santa Elena;LA LIBERTAD;GSTAELENA;OPERATIVO
S1300207;Sur;MOVIL_MANTA_UMINA;9C;-0,946389;-80,7519;;;Manabí;MANTA;GMANTA;OPERATIVO
S010037;Sur;MOVIL_MERCADO_TRES_DE_NOVIEMBRE;9C;-2,891527778;-79,01144444;Torre Tensada;Terreno;Azuay;CUENCA;CUENCA;OPERATIVO
S2400055;Sur;MOVIL_MONTANITA;9C;-1,82772;-80,7524;;;Santa Elena;MONTANITA;GSTAELENA;OPERATIVO
S130186;Sur;MOVIL_PLAYA_MURCIELAGO;#N/D;-0,943833333;-80,73030556;Monopolo;Terreno;Manabí;MANTA;GMANTA;DESINSTALADO
S1300204;Sur;MOVIL_PLAYA_MURCIELAGO_DOS;9C;-0,940444;-80,7308;;;Manabí;MANTA;GMANTA;OPERATIVO
S0900741;Sur;MOVIL_PLAYAS;9C;-2,63449;-80,3948;;;Guayas;Playas;GSTAELENA;OPERATIVO
S010038;Sur;MOVIL_UNIVERSIDAD_ESTATAL_DE_CUENCA;9C;-2,901411111;-79,01083333;Torre Tensada;Terreno;Azuay;CUENCA;CUENCA;OPERATIVO
N170276;Norte;MOVISTAR;8F;-0,193033333;-78,48583333;Torre Autosoportada;Terreno;Pichincha;QUITO;PICHINCHA;OPERATIVO
S0900706;Sur;MUCHO_LOTE_7MA_ETAPA;9C;-2,088527778;-79,92341667;Monopolo;Terreno;Guayas;GUAYAQUIL;GUAYAS;OPERATIVO
N080030;Norte;MUISNE;9A;0,638619444;-80,00113611;Torre Autosoportada;Terreno;Esmeraldas;MUISNE;GESM;OPERATIVO
N050030;Norte;MULALO;9C;-0,777783333;-78,56640833;Torre Autosoportada;Terreno;Cotopaxi;MULALO;GAMB;OPERATIVO
N170277;Norte;MULTICENTRO;8K;-0,199641667;-78,48503056;Mástiles;Terraza;Pichincha;QUITO;PICHINCHA;OPERATIVO
S190015;Sur;MURCIELAGO_COTOPAXI;9C;-0,862055556;-79,15402778;Torre;Terreno;Cotopaxi;TINGO;GQUEVEDO;OPERATIVO
N1701069;Norte;MURIALDO;9F;-0,13075;-78,47147222;Soportes;Terraza;Pichincha;QUITO;PICHINCHA;OPERATIVO
S010039;Sur;NABON;9C;-3,343347222;-79,06583611;Torre Tensada;Terreno;Azuay;NABON;CUENCA;OPERATIVO
N170278;Norte;NACIONES_UNIDAS;8F;-0,178033333;-78,48455833;Torre Autosoportada;Terreno;Pichincha;QUITO;PICHINCHA;OPERATIVO
N170280;Norte;NANEGALITO;9A;0,042919444;-78,69557222;Torre Autosoportada;Terreno;Pichincha;NANEGALITO;PICHINCHA;OPERATIVO
S090056;Sur;NARANJAL;9A;-2,673983333;-79,61843056;Torre Autosoportada;Terreno;Guayas;NARANJAL;GUAYAS;OPERATIVO
S090057;Sur;NARANJAL_CENTRO;9C;-2,675561111;-79,62002222;Torre Autosoportada;Terreno;Guayas;NARANJAL;GUAYAS;DESINSTALADO
S090497;Sur;NARANJAL_TELCONET;10E;-2,675278;-79,619167;;;Guayas;Naranjal;GUAYAS;DESINSTALADO
S090058;Sur;NARANJITO;9A;-2,171733333;-79,46456111;Torre Autosoportada;Terreno;Guayas;NARANJITO;GUAYAS;OPERATIVO
S0900745;Sur;NAVAL;9C;-2,179861;-79,889417;TORRETA;NULL;Guayas;GUAYAQUIL;GUAYAS;OPERATIVO
N170281;Norte;NAVARRO;9F;-0,190858333;-78,48306111;Mástiles;Terraza;Pichincha;QUITO;PICHINCHA;OPERATIVO
N170282;Norte;NAYON;8L;-0,156919444;-78,44066944;Torre Autosoportada;Terreno;Pichincha;QUITO;PICHINCHA;OPERATIVO
N1701203;Norte;NAYON_2_UIO;9C;-0,159361111;-78,43327778;Monopolo;Terreno;Pichincha;QUITO;PICHINCHA;OPERATIVO
N170283;Norte;NAZARETH;9C;-0,124444444;-78,48224444;Polos;Terraza;Pichincha;QUITO;PICHINCHA;OPERATIVO
S030021;Sur;NAZON;9C;-2,707244444;-78,91863611;Torre Tensada;Terreno;Cañar;Nazón;CUENCA;OPERATIVO
S130061;Sur;NOBOA_MANABI;9A;-1,393558333;-80,40001111;Torre Autosoportada;Terreno;Manabí;NOBOA;GPORTOV;OPERATIVO
S090059;Sur;NOBOL;9A;-1,914205556;-80,00744167;Torre Autosoportada;Terreno;Guayas;NARCISA DE JESUS;GUAYAS;OPERATIVO
N1701169;Norte;NONO_UIO;9F;-0,066722222;-78,57691667;Soportes;Terraza;Pichincha;NONO;PICHINCHA;OPERATIVO
S130062;Sur;NOVILLO;9A;-0,222169444;-79,84974722;Monopolo;Terreno;Manabí;Novilo;GCHONE;OPERATIVO
N1701241;Norte;NOVOPAN_UIO;9C;-0,29375;-78,35336111;Monopolo;Terreno;Pichincha;QUITO;PICHINCHA;OPERATIVO
S090185;Sur;NUEVA_FLOR_DE_BASTION;9C;-2,092891667;-79,96361111;Torre Autosoportada;Terreno;Guayas;GUAYAQUIL;GUAYAS;OPERATIVO
S090186;Sur;NUEVA_GRANADA;9C;-2,254722222;-79,88305833;Monopolo;Terreno;Guayas;GUAYAQUIL;GUAYAS;OPERATIVO
N210008;Norte;NUEVA_LOJA;8F;0,081983333;-76,87041944;Torre Autosoportada;Terreno;Sucumbios;NUEVA LOJA;GORE;OPERATIVO
S090060;Sur;NUEVA_UNION;9A;-2,211136111;-79,28834722;Torre Autosoportada;Terreno;Guayas;Marcelino Maridueña;GUAYAS;OPERATIVO
N170284;Norte;NUEVA_UTE;8K;-0,178622222;-78,50733611;Monopolo;Terreno;Pichincha;QUITO;PICHINCHA;OPERATIVO
STEMP019;Sur;NUEVAS_OFICINAS_CUENCA;13B;;;;;Azuay;CUENCA;CUENCA;OPERATIVO
S090187;Sur;NUEVE_DE_OCTUBRE;9F;-2,191111111;-79,8825;Mástiles;Terraza;Guayas;GUAYAQUIL;GUAYAS;OPERATIVO
S090614;Sur;NUEVE_DE_OCTUBRE_2_GYE;9F;-2,191777778;-79,88158333;Soportes;Terraza;Guayas;GUAYAQUIL;GUAYAS;OPERATIVO
N1701195;Norte;NUEVO_AMANECER_UIO;9F;-0,077138889;-78,44286111;Soportes;Terraza;Pichincha;QUITO;PICHINCHA;OPERATIVO
S030033;Sur;NUEVO_BUERAN;8D;-2,608833333;-78,93169444;;;Cañar;CAÑAR;CUENCA;OPERATIVO
N230013;Norte;NUEVO_ISRAEL;9C;-0,239494444;-79,33139167;Torre Autosoportada;Terreno;Santo Domingo;SANTO DOMINGO DE LOS COLORADOS;GSTD;OPERATIVO
N1701054;Norte;OBELISCO_ALOAG;9F;-0,461194444;-78,56422222;Soportes;Terraza;Pichincha;ALOAG;PICHINCHA;OPERATIVO
N170285;Norte;OCCIDENTAL_1;9F;-0,119730556;-78,50722778;Soportes;Terraza;Pichincha;QUITO;PICHINCHA;OPERATIVO
N170286;Norte;OCCIDENTAL_2;8K;-0,175141667;-78,50084444;Torreta y Mástiles;Terraza;Pichincha;QUITO;PICHINCHA;OPERATIVO
N170287;Norte;OFELIA;9F;-0,117169444;-78,48866944;Mástiles;Terraza;Pichincha;QUITO;PICHINCHA;OPERATIVO
N170288;Norte;OFELIA_ESTE;9C;-0,115844444;-78,48335556;Torreta;Terreno;Pichincha;QUITO;PICHINCHA;OPERATIVO
N170289;Norte;OLIVOS_INCA;9C;-0,149058333;-78,46061389;Monopolo;Terreno;Pichincha;QUITO;PICHINCHA;OPERATIVO
S090188;Sur;OLMEDO;9F;-2,200286111;-79,88349167;Mástiles;Terraza;Guayas;GUAYAQUIL;GUAYAS;OPERATIVO
S130063;Sur;OLMEDO_MANABI;9A;-1,393641667;-80,22089167;Torre Autosoportada;Terreno;Manabí;OLMEDO;GPORTOV;OPERATIVO
S010040;Sur;ONA;9C;-3,461961111;-79,15966944;Torre Autosoportada;Terreno;Azuay;SAN FELIPE DE OÑA;CUENCA;OPERATIVO
S0100208;Sur;ORDONEZ_LASSO;9C;-2,88847;-79,0457;;;Azuay;CUENCA;CUENCA;OPERATIVO
S090574;Sur;ORELLANA_GYE;9B;-2,183058333;-79,895;Torre Autosoportada;Terreno;Guayas;GUAYAQUIL;GUAYAS;OPERATIVO
N170290;Norte;ORELLANA_UIO;8K;-0,197525;-78,49033056;Mástiles;Terraza;Pichincha;QUITO;PICHINCHA;OPERATIVO
S090190;Sur;ORO_VERDE;8F;-2,189722222;-79,89305833;Mástiles;Terraza;Guayas;GUAYAQUIL;GUAYAS;OPERATIVO
S090562;Sur;ORO_VERDE_GYE_SUR;9F;-2,193666667;-79,89372222;Soportes;Terraza;Guayas;GUAYAQUIL;GUAYAS;OPERATIVO
S010041;Sur;ORO_VERDE_CUENCA;9F;-2,889780556;-79,03005833;Mástiles;Terraza;Azuay;CUENCA;CUENCA;OPERATIVO
S090191;Sur;ORQUIDEAS;9C;-2,088280556;-79,91480833;Torre Autosoportada;Terreno;Guayas;GUAYAQUIL;GUAYAS;OPERATIVO
N180067;Norte;OSCUS;9F;-1,263472222;-78,63816667;Soportes;Terraza;Tungurahua;AMBATO;GAMB;OPERATIVO
N220010;Norte;OSO;9C;-0,729175;-77,14851944;Torre Autosoportada;Terreno;Napo;CHONTAPUNTA;GORE;OPERATIVO
N100013;Norte;OTAVALO;8F;0,207511111;-78,27102222;Torre Autosoportada;Terreno;Imbabura;OTAVALO;GIBA;OPERATIVO
N100014;Norte;OTAVALO_CENTRO;9F;0,228633333;-78,262225;Mástiles;Terraza;Imbabura;OTAVALO;GIBA;OPERATIVO
N1000053;Norte;OTAVALO_NORTE;9C;0,239639;-78,2531;;;Imbabura;OTAVALO;GIBA;OPERATIVO
N170291;Norte;OTON;9C;-0,023911111;-78,24675278;Torre Autosoportada;Terreno;Pichincha;OTON;PICHINCHA;OPERATIVO
N210009;Norte;PACAYACU;9A;-0,043641667;-76,58055833;Torre Autosoportada;Terreno;Sucumbios;PACAYACU;GORE;OPERATIVO
S070025;Sur;PACCHA;9C;-3,596413889;-79,66004444;Torre Autosoportada;Terreno;El Oro;PACCHA;GELORO;OPERATIVO
S090192;Sur;PACIFICO;8F;-2,190833333;-79,88083333;Torre;Terreno;Guayas;GUAYAQUIL;GUAYAS;OPERATIVO
S090687;Sur;PACIFICO_ESTE;9F;-2,190472222;-79,87930556;Soportes;Terraza;Guayas;GUAYAQUIL;GUAYAS;OPERATIVO
S130064;Sur;PAJAN;8F;-1,583072222;-80,43855833;Torre Autosoportada;Terreno;Manabí;PAJAN;GPORTOV;OPERATIVO
N170292;Norte;PALACIO_DE_GOBIERNO;8K;-0,219641667;-78,51355833;Monopolo;Terreno;Pichincha;QUITO;PICHINCHA;OPERATIVO
S190003;Sur;PALANDA;9C;-4,642722222;-79,12130556;Torre Autosoportada;Terreno;Zamora Chinchipe;PALANDA;GLOJA;OPERATIVO
S120017;Sur;PALENQUE;9C;-1,443983333;-79,76418611;Torre Autosoportada;Terreno;Los Ríos;PALENQUE;GBABAHOYO;OPERATIVO
S090478;Sur;PALESTINA_TELCONET;10E;-1,626416667;-79,97931667;;;Guayas;Palestina;GUAYAS;DESINSTALADO
N060016;Sur;PALLATANGA;9C;-2,012808333;-78,9668;Torre Autosoportada;Terreno;Chimborazo;PALLATANGA;GUAYAS;OPERATIVO
S060047;Sur;PALLATANGA_SUR;8F;-2,096308333;-79,01474444;Torre Autosoportada;Terreno;Chimborazo;MULTITUD;GUAYAS;OPERATIVO
N210010;Norte;PALMA_ROJA;9A;0,12195;-76,05000833;Torre Autosoportada;Terreno;Sucumbios;PALMA ROJA;GORE;OPERATIVO
S240014;Sur;PALMAR;9A;-2,019172222;-80,739725;Torre Autosoportada;Terreno;Santa Elena;COLONCHE;GSTAELENA;OPERATIVO
S060048;Norte;PALMIRA;8F;-2,073141667;-78,72459722;Torre Autosoportada;Terreno;Chimborazo;PALMIRA;GRBA;OPERATIVO
N140011;Norte;PALORA;9C;-1,702780556;-77,97191944;Monopolo;Terreno;Morona Santiago;Palora;GTENA;OPERATIVO
S090193;Sur;PANCHO_JACOME;9F;-2,128944444;-79,94005556;Mástiles;Terraza;Guayas;GUAYAQUIL;GUAYAS;OPERATIVO
S090563;Sur;PANCHO_JACOME_NORTE_GYE;9C;-2,124555556;-79,93905556;Monopolo;Terreno;Guayas;GUAYAQUIL;GUAYAS;OPERATIVO
S030022;Sur;PANCHO_NEGRO;9A;-2,496919444;-79,48002222;Torre Autosoportada;Terreno;Cañar;PANCHO NEGRO;GUAYAS;OPERATIVO
N050031;Norte;PANSALEO;9C;-1,067891667;-78,58505833;Torre Autosoportada;Terreno;Cotopaxi;SAN MIGUEL;GAMB;OPERATIVO
N150006;Norte;PAPALLACTA;9A;-0,378672222;-78,14665833;Torre Autosoportada;Terreno;Napo;PAPALLACTA;PICHINCHA;OPERATIVO
S0900701;Sur;PARCON_ESPOL;9C;-2,14675;-79,94727778;Monopolo;Terreno;Guayas;GUAYAQUIL;GUAYAS;OPERATIVO
N170868;Norte;PARIS;9F;-0,169027778;-78,47844722;Soportes;Terraza;Pichincha;QUITO;PICHINCHA;OPERATIVO
N170293;Norte;PARKENOR;9C;-0,111686111;-78,47991944;Monopolo;Terreno;Pichincha;QUITO;PICHINCHA;OPERATIVO
N060018;Norte;PARQ_INDUST_RIOBAMBA;9C;-1,68;-78,63278056;Torreta;Terraza;Chimborazo;RIOBAMBA;GRBA;OPERATIVO
S010127;Sur;PARQ_TELEFO_CUENCA;9C;-2,898752778;-78,98778056;Torreta;Terreno;Azuay;CUENCA;CUENCA;OPERATIVO
N1701225;Norte;PARQUE_CAROLINA_UNO;9C;-0,18283;-78,484422;Poste;Terreno;Pichincha;QUITO;PICHINCHA;DESINSTALADO
S090195;Sur;PARQUE_CENTENARIO;9F;-2,189066667;-79,88649444;Mástiles;Terraza;Guayas;GUAYAQUIL;GUAYAS;OPERATIVO
N1800105;Norte;PARQUE_CENTRAL_BAÑOS;9C;;;;;;;GRBA;NUEVO
N1701082;Norte;PARQUE_COSTA_RICA_UIO;9F;-0,1805;-78,47427778;Soportes;Terraza;Pichincha;QUITO;PICHINCHA;OPERATIVO
N1701231;Norte;PARQUE_CUMBAYA;9F;-0,201527778;-78,42638889;Soportes;Terraza;Pichincha;QUITO;PICHINCHA;OPERATIVO
S090196;Sur;PARQUE_DE_LA_PAZ;9C;-2,051669444;-79,88139167;Monopolo;Terreno;Guayas;GUAYAQUIL;GUAYAS;OPERATIVO
N170296;Norte;PARQUE_EL_ARBOLITO;9F;-0,212308333;-78,49803056;Mástiles;Terraza;Pichincha;QUITO;PICHINCHA;OPERATIVO
S090528;Sur;PARQUE_GUAYAQUIL;9F;-2,186583333;-79,89488889;Soportes;Terraza;Guayas;GUAYAQUIL;GUAYAS;OPERATIVO
S090194;Sur;PARQUE_INDUSTRIAL_SAUCE;9C;-2,113069444;-79,94194722;Torre Tensada;Terreno;Guayas;GUAYAQUIL;GUAYAS;OPERATIVO
N170294;Norte;PARQUE_INDUSTRIAL_SUR;9C;-0,347794444;-78,54918889;Monopolo;Terreno;Pichincha;QUITO;PICHINCHA;OPERATIVO
N170297;Norte;PARQUE_INGLES;9F;-0,134502778;-78,49764167;Soportes;Terraza;Pichincha;QUITO;PICHINCHA;OPERATIVO
N170298;Norte;PARQUE_ITALIA;8K;-0,193894444;-78,49966944;Mástiles;Terraza;Pichincha;QUITO;PICHINCHA;OPERATIVO
N1701406;Norte;PARQUE_LINEAL_SUR;9F;-0,249458333;-78,52418333;Mástiles;Terraza;Pichincha;QUITO;PICHINCHA;OPERATIVO
N1701204;Norte;PARQUE_MATOVELLE_UIO;9F;-0,213138889;-78,50736111;Soportes;Terraza;Pichincha;QUITO;PICHINCHA;OPERATIVO
N1702311;Norte;PARQUE_MORAN;9E;;;;;;;PICHINCHA;NUEVO
S090688;Sur;PARQUE_SAMANES_SUR;9F;-2,113861111;-79,89861111;Soportes;Terraza;Guayas;GUAYAQUIL;GUAYAS;OPERATIVO
N170992;Norte;PARQUE_SAN_BARTOLO_UIO;9F;-0,266833333;-78,529;Soportes;Terraza;Pichincha;QUITO;PICHINCHA;OPERATIVO
S0900710;Sur;PARQUE_URDENOR_2_GYE;9C;-2,150222222;-79,90730556;Torreta;Terreno;Guayas;GUAYAQUIL;GUAYAS;OPERATIVO
N230014;Norte;PARQUE_ZARACAY;9F;-0,255283333;-79,17029722;Mástiles;Terraza;Santo Domingo;SANTO DOMINGO DE LOS COLORADOS;GSTD;OPERATIVO
S130065;Sur;PARQUE_DEL_ATUN;9C;-0,970891667;-80,65694444;Torre Autosoportada;Terreno;Manabí;MANTA;GMANTA;OPERATIVO
S010042;Sur;PARQUE_INDUSTRIAL;8F;-2,883938889;-78,96890556;Torre Autosoportada;Terreno;Azuay;CUENCA;CUENCA;OPERATIVO
N170295;Sur;PARQUE_LINEAL_KENNEDY;9F;-2,162333333;-79,89891667;Soportes;Terraza;Guayas;GUAYAQUIL;GUAYAS;OPERATIVO
N170299;Norte;PARQUES_DEL_RECUERDO;8F;-0,104594444;-78,47464167;Torre Autosoportada;Terreno;Pichincha;QUITO;PICHINCHA;OPERATIVO
S070026;Sur;PASAJE;8F;-3,320344444;-79,81074722;Torre Autosoportada;Terreno;El Oro;PASAJE;GELORO;OPERATIVO
S070027;Sur;PASAJE_CENTRO;9F;-3,327169444;-79,80917222;Mástiles;Terraza;El Oro;PASAJE;GELORO;OPERATIVO
S090197;Sur;PASCUALES;9A;-2,071530556;-79,92416944;Torreta;Terraza;Guayas;GUAYAQUIL;GUAYAS;OPERATIVO
S0900731;Sur;PASCUALES_CENTRO;9C;-2,070638889;-79,93219444;Monopolo;Suelo;Guayas;GUAYAQUIL;GUAYAS;OPERATIVO
S090619;Sur;PASEO_SHOPPING_MILAGRO;9C;-2,135388889;-79,5935;Monopolo;Terreno;Guayas;MILAGRO;GUAYAS;OPERATIVO
S240040;Sur;PASEO_SHOPPING_LIBERTAD;9C;-2,224138889;-80,92522222;Monopolo;Terreno;Santa Elena;SALINAS;GSTAELENA;OPERATIVO
N180036;Norte;PASO_LATERAL;9C;-1,245002778;-78,58640833;Torre Tensada;Terreno;Tungurahua;AMBATO;GRBA;OPERATIVO
N170300;Norte;PASTEUR;8K;-0,193061111;-78,49057222;Mástiles;Terraza;Pichincha;QUITO;PICHINCHA;OPERATIVO
N220011;Norte;PATA;9C;-0,1828;-76,97333333;Torre Autosoportada;Terreno;Orellana;TRES DE NOVIEMBRE;GORE;OPERATIVO
N180037;Norte;PATATE;9C;-1,308752778;-78,50616944;Monopolo;Terreno;Tungurahua;PATATE;GRBA;OPERATIVO
N170301;Norte;PATRIA;8K;-0,207169444;-78,49653056;Mástiles;Terraza;Pichincha;QUITO;PICHINCHA;OPERATIVO
N120047;Sur;PATRICIA_PILAR;8C;-0,586066667;-79,32243611;Torre Autosoportada;Suelo;Los Ríos;SANTA MARIA DEL TOACHI;GQUEVEDO;OPERATIVO
S120018;Sur;PATRICIA_PILAR_CENTRO;9A;-0,579502778;-79,37116944;Torre Autosoportada;Terreno;Los Ríos;PATRICIA PILAR;GQUEVEDO;OPERATIVO
S120019;Sur;PATRICIA_PILAR_SUR;9A;-0,642983333;-79,44461389;Torre Autosoportada;Terreno;Los Ríos;SAN JACINTO DE BUENA FE;GQUEVEDO;OPERATIVO
S010043;Sur;PAUTE;9A;-2,793805556;-78,74900278;Torre Autosoportada;Terreno;Azuay;Paute;CUENCA;OPERATIVO
N220012;Norte;PAYAMINO;9C;-0,450641667;-77,01864167;Torre Autosoportada;Terreno;Orellana;PUERTO FRANCISCO DE ORELLANA;GORE;OPERATIVO
S120020;Sur;PAYLON;8C;-1,394747222;-79,37448056;Torre Autosoportada;Terreno;Los Ríos;CHACARITA;GBABAHOYO;OPERATIVO
N210043;Norte;PAZ_Y_BIEN_TARAPOA;9C;;;;;;;GORE;NUEVO
S130194;Sur;PCCS_MANTA;#N/D;-0,957253;-80,755433;Mástiles;Terraza;Manabí;MANTA;GMANTA;DESINSTALADO
N170302;Norte;PEAJE_LOS_CHILLOS;9F;-0,241669444;-78,48584722;Mástiles;Terraza;Pichincha;QUITO;PICHINCHA;OPERATIVO
N130146;Norte;PEDERNALES;8C;0,096161111;-79,992225;Torre Autosoportada;Terreno;Manabí;PEDERNALES;GSTD;OPERATIVO
S130138;Norte;PEDERNALES_PLAYA;9A;0,071641667;-80,05480833;Monopolo;Terreno;Manabí;PEDERNALES;GSTD;OPERATIVO
S090061;Sur;PEDRO_CARBO;9B;-1,789280556;-80,27781389;Torre Tensada;Terreno;Guayas;PEDRO CARBO;GUAYAS;OPERATIVO
N170303;Norte;PEDRO_VICE_MALDONADO;9A;0,085572222;-79,05660556;Torre Autosoportada;Terreno;Pichincha;PEDRO VICENTE MALDONADO;GSTD;OPERATIVO
N180038;Norte;PELILEO;9A;-1,320008333;-78,53306944;Torre Autosoportada;Terreno;Tungurahua;Pamatug;GRBA;OPERATIVO
N180039;Norte;PELILEO_OESTE;9C;-1,327513889;-78,55558056;Monopolo;Terreno;Tungurahua;Pelileo ;GRBA;OPERATIVO
N060019;Norte;PENIPE_N;9C;-1,562555556;-78,52797222;Torre Autosoportada;Terreno;Chimborazo;PENIPE;GRBA;OPERATIVO
N1701061;Norte;PENSIONADO_SAN_VICENTE;9F;-0,216527778;-78,4875;Soportes;Terraza;Pichincha;QUITO;PICHINCHA;OPERATIVO
N170304;Norte;PESILLO;9C;0,148347222;-78,07003056;Monopolo;Terreno;Pichincha;Pesillo;GIBA;OPERATIVO
S090198;Sur;PETRILLO;9A;-1,966808333;-80,0078;Torre Autosoportada;Terreno;Guayas;NARCISA DE JESUS;GUAYAS;OPERATIVO
N130150;Sur;PICHINCHA;9C;-1,047794444;-79,81831667;Torre Autosoportada;Terreno;Manabí;PICHINCHA;GQUEVEDO;OPERATIVO
N170305;Norte;PIFO;8F;-0,223972222;-78,34972222;Torre Autosoportada;Terreno;Pichincha;QUITO;PICHINCHA;OPERATIVO
N170306;Norte;PIFO_CENTRO;8K;-0,2164;-78,33653056;Torre Autosoportada;Terreno;Pichincha;QUITO;PICHINCHA;OPERATIVO
N180095;Norte;PILAHUIN;9C;-1,273633333;-78,75085;Torre Autosoportada;Terreno;Tungurahua;Ambato;GRBA;OPERATIVO
N180056;Norte;PILIZURCO;10B;-1,154805556;-78,66886111;;;Tungurahua;AMBATO;GAMB;DESINSTALADO
N170706;Norte;PILLAHUA;8K;-0,191197222;-78,40196111;Monopolo;Terreno;Pichincha;QUITO;PICHINCHA;OPERATIVO
N180040;Norte;PILLARO;9C;-1,172222222;-78,54279167;Torre Autosoportada;Terreno;Tungurahua;PILLARO;GAMB;OPERATIVO
N180041;Norte;PILLARO_SUR;9C;-1,174447222;-78,54472222;Torreta;Terreno;Tungurahua;PILLARO;GAMB;OPERATIVO
N100015;Norte;PIMAMPIRO;9C;0,389444444;-77,93905833;Torre Autosoportada;Terreno;Imbabura;PIMAMPIRO;GIBA;OPERATIVO
S120021;Sur;PIMOCHA;9C;-1,831111111;-79,60741944;Torre Autosoportada;Terreno;Los Ríos;PIMOCHA;GBABAHOYO;OPERATIVO
N170307;Norte;PINAR_ALTO;9F;-0,152225;-78,49972222;Mástiles;Terraza;Pichincha;QUITO;PICHINCHA;OPERATIVO
S070070;Sur;PINAS;8F;-3,665258333;-79,70719722;Torre Autosoportada;Terreno;El Oro;PIÑAS;GELORO;OPERATIVO
S070068;Sur;PINAS_CENTRO;9F;-3,680013889;-79,68251944;Mástiles;Terraza;El Oro;PIÑAS;GELORO;OPERATIVO
N220013;Norte;PINDO;9A;-0,684747222;-76,80380833;Torre Autosoportada;Terreno;Orellana;DAYUMA;GORE;OPERATIVO
N170308;Norte;PINTAG;9C;-0,354808333;-78,37779444;Monopolo;Terreno;Pichincha;QUITO;PICHINCHA;OPERATIVO
N170800;Norte;PINTAG_CENTRO;9C;-0,370013889;-78,37306944;Monopolo;Terreno;Pichincha;QUITO;PICHINCHA;OPERATIVO
N1701055;Norte;PINTO_UIO;9F;-0,106111111;-78,49375;Soportes;Terraza;Pichincha;QUITO;PICHINCHA;OPERATIVO
N170309;Norte;PIO_XII;9F;-0,242030556;-78,50668333;Mástiles;Terraza;Pichincha;QUITO;PICHINCHA;OPERATIVO
N180069;Norte;PISHILATA;9C;-1,267972222;-78,60338889;Monopolo;Terreno;Tungurahua;AMBATO;GRBA;OPERATIVO
N170310;Norte;PISULI;9C;-0,091308333;-78,50973333;Monopolo;Terreno;Pichincha;QUITO;PICHINCHA;OPERATIVO
N170311;Norte;PLAYA_CHICA;9C;-0,301558333;-78,45028611;Torre Autosoportada;Terreno;Pichincha;QUITO;PICHINCHA;OPERATIVO
S130066;Sur;PLAYA_SANTA_MARIANITA;9C;-0,992808333;-80,851675;Torre Autosoportada;Terreno;Manabí;Santa Marianita;GMANTA;OPERATIVO
S130067;Sur;PLAYA_TARQUI;9C;-0,952508333;-80,71334722;Torreta;Terraza;Manabí;MANTA;GMANTA;DESINSTALADO
S090062;Sur;PLAYAS;9B;-2,637586111;-80,41106944;Torre Autosoportada;Terreno;Guayas;Playas;GSTAELENA;OPERATIVO
S090063;Sur;PLAYAS_CENTRO;9C;-2,635286111;-80,38841944;Torre Autosoportada;Terreno;Guayas;Playas;GSTAELENA;OPERATIVO
S090641;Sur;PLAYAS_SUR;9C;-2,656416667;-80,37427778;Torre;Terreno;Guayas;Playas;GSTAELENA;OPERATIVO
STEMP022;Sur;PLAYAS_TELCONET;10E;;;;;;;GSTAELENA;NUEVO
N1701171;Norte;PLAZA_ARGENTINA;9F;-0,190583333;-78,48086111;Soportes;Terraza;Pichincha;QUITO;PICHINCHA;OPERATIVO
N170968;Norte;PLAZA_ARTIGAS_UIO;9F;-0,202611111;-78,48225;Soportes;Terraza;Pichincha;QUITO;PICHINCHA;OPERATIVO
N1701181;Norte;PLAZA_BELMONTE;9F;-0,218944444;-78,50486111;Soportes;Terraza;Pichincha;QUITO;PICHINCHA;OPERATIVO
N170312;Norte;PLAZA_DE_TOROS;8K;-0,162244444;-78,48341944;Mástiles;Terraza;Pichincha;QUITO;PICHINCHA;OPERATIVO
N170313;Norte;PLAZA_FOCH;8K;-0,203080556;-78,49085;Torreta;Terraza;Pichincha;QUITO;PICHINCHA;OPERATIVO
S090627;Sur;PLAZA_MADEIRA;9C;-2,0525;-79,915;Monopolo;Terreno;Guayas;GUAYAQUIL;GUAYAS;OPERATIVO
S090064;Sur;PLAZA_MAYOR_ALBORADA;9F;-2,142238889;-79,89889167;Soportes;Terraza;Guayas;GUAYAQUIL;GUAYAS;OPERATIVO
N170314;Norte;PLAZA_SANTO_DOMINGO;9F;-0,223080556;-78,51306667;Mástiles;Terraza;Pichincha;QUITO;PICHINCHA;OPERATIVO
N170315;Norte;PLYWOOD;9A;-0,303308333;-78,54333333;Torre Autosoportada;Terreno;Pichincha;QUITO;PICHINCHA;OPERATIVO
S090538;Sur;POLARIS_GYE;9F;-2,118027778;-79,89905556;Soportes;Terraza;Guayas;GUAYAQUIL;GUAYAS;OPERATIVO
S090199;Sur;POLICENTRO;8C;-2,160002778;-79,89333333;Torre Autosoportada;Terreno;Guayas;GUAYAQUIL;GUAYAS;OPERATIVO
S030023;Sur;POLICIA_AZOGUES;9F;-2,745169444;-78,84724444;Mástiles;Terraza;Cañar;AZOGUES;CUENCA;OPERATIVO
S090200;Sur;POLISISTEMAS;8C;-2,168530556;-79,91834722;Torre Tensada;Terreno;Guayas;GUAYAQUIL;GUAYAS;OPERATIVO
N170317;Norte;POLITECNICA;8F;-0,207558333;-78,48555833;Torre Autosoportada;Terreno;Pichincha;QUITO;PICHINCHA;OPERATIVO
S010044;Sur;POLITECNICA_SALESIANA;8F;-2,882794444;-78,98778056;Torreta;Terreno;Azuay;CUENCA;CUENCA;OPERATIVO
N170318;Norte;POMASQUI;8F;-0,054861111;-78,44808333;Mástiles;Terraza;Pichincha;QUITO;PICHINCHA;OPERATIVO
N170319;Norte;PONCEANO;9C;-0,109175;-78,48716944;Torre Autosoportada;Terreno;Pichincha;QUITO;PICHINCHA;OPERATIVO
N170320;Norte;PONCEANO_ALTO;9E;-0,102169444;-78,48055833;Torre Autosoportada;Terreno;Pichincha;QUITO;PICHINCHA;OPERATIVO
N170321;Norte;PONCEANO_BAJO;9F;-0,106947222;-78,48858611;Soportes;Terraza;Pichincha;QUITO;PICHINCHA;OPERATIVO
N170710;Norte;PONCEANO_BAJO_NOROCC;9F;-0,106791667;-78,48926944;Soportes;Terraza;Pichincha;QUITO;PICHINCHA;OPERATIVO
N170712;Norte;PONCEANO_BAJO_SUROCC;9F;-0,108361111;-78,48893889;Soportes;Terraza;Pichincha;QUITO;PICHINCHA;OPERATIVO
N170711;Norte;PONCEANO_BAJO_SURORIENTAL;9F;-0,1081;-78,48876111;Soportes;Terraza;Pichincha;QUITO;PICHINCHA;OPERATIVO
S090588;Sur;PORTETE;9C;-2,198361111;-79,92213889;Monopolo;Terreno;Guayas;GUAYAQUIL;GUAYAS;OPERATIVO
S090065;Sur;PORTETE_ESTE;9C;-2,207419444;-79,90861389;Monopolo;Terreno;Guayas;GUAYAQUIL;GUAYAS;OPERATIVO
S070028;Sur;PORTOVELO;9C;-3,717511111;-79,62521111;Torre Autosoportada;Terreno;El Oro;PORTOVELO;GELORO;OPERATIVO
S130068;Sur;PORTOVIEJO;8C;-1,044944444;-80,54472222;Torre Autosoportada;Terreno;Manabí;PORTOVIEJO;GPORTOV;OPERATIVO
S1300215;Sur;PORTOVIEJO_AV_MANABI;9C;;;;;Manabí;PORTOVIEJO;GPORTOV;OPERATIVO
S130069;Sur;PORTOVIEJO_CENTRO;8C;-1,056933333;-80,45409167;Torre Autosoportada;Terreno;Manabí;PORTOVIEJO;GPORTOV;OPERATIVO
S130070;Sur;PORTOVIEJO_CENTRO_2;9C;-1,057791667;-80,45140556;Mástiles;Terraza;Manabí;PORTOVIEJO;GPORTOV;DESINSTALADO
S130071;Sur;PORTOVIEJO_ESTE;9C;-1,051225;-80,44389167;Torre Autosoportada;Terreno;Manabí;PORTOVIEJO;GPORTOV;OPERATIVO
S130189;Sur;PORTOVIEJO_NORESTE;9C;-1,014555556;-80,467;Monopolo;Terreno;Manabí;PORTOVIEJO;GPORTOV;OPERATIVO
S130131;Sur;PORTOVIEJO_OESTE;9C;-1,054203;-80,487105;Monopolo;Suelo;Manabí;PORTOVIEJO;GPORTOV;OPERATIVO
S130187;Sur;PORTOVIEJO_PICOAZA;9F;-1,034666667;-80,49283333;Soportes;Terraza;Manabí;PORTOVIEJO;GPORTOV;OPERATIVO
S130072;Sur;PORTOVIEJO_SHOPPING;9A;-1,060808333;-80,46805833;Monopolo;Terreno;Manabí;PORTOVIEJO;GPORTOV;OPERATIVO
S090689;Sur;PORTRANS;9C;-2,032805556;-79,94888889;Monopolo;Terreno;Guayas;GUAYAQUIL;GUAYAS;OPERATIVO
S090066;Sur;POSORJA;9A;-2,714086111;-80,25264722;Torre Autosoportada;Terreno;Guayas;POSORJA;GSTAELENA;OPERATIVO
S110016;Sur;POZUL;9C;-4,113308333;-80,05339167;Torre Autosoportada;Terreno;Loja;Loja;GLOJA;OPERATIVO
S090201;Sur;PRADERA;9B;-2,234444444;-79,89361111;Monopolo;Terreno;Guayas;GUAYAQUIL;GUAYAS;OPERATIVO
S090202;Sur;PRADERA_3ERA_ETAPA;9C;-2,247530556;-79,88277778;Monopolo;Terreno;Guayas;GUAYAQUIL;GUAYAS;OPERATIVO
S090067;Sur;PROGRESO;9A;-2,380558333;-80,3559;Torre Autosoportada;Terreno;Guayas;Progreso;GSTAELENA;OPERATIVO
S010045;Sur;PROGRESO_AZUAY;8F;-3,391391667;-79,16778056;Torre Autosoportada;Terreno;Azuay;SUSUDEL;CUENCA;OPERATIVO
N230015;Norte;PRON_LUZ_DE_AMERICA;9C;-0,414558333;-79,32529444;Torre Autosoportada;Terreno;Santo Domingo;LUZ DE AMERICA;GSTD;OPERATIVO
N230016;Norte;PRON_TROPICAL;9C;-0,051169444;-79,34279444;Torre Autosoportada;Suelo;Santo Domingo;PLAN PILOTO;GSTD;OPERATIVO
N080031;Norte;PROPICIA;9C;0,921530556;-79,67000278;Monopolo;Terreno;Esmeraldas;ESMERALDAS;GESM;OPERATIVO
S090203;Sur;PROSPERINA;9B;-2,138333333;-79,93528056;Torre Autosoportada;Terreno;Guayas;GUAYAQUIL;GUAYAS;OPERATIVO
S090539;Sur;PROSPERINA_OESTE;9F;-2,141083333;-79,94016667;Soportes;Terraza;Guayas;GUAYAQUIL;GUAYAS;OPERATIVO
N170322;Norte;PUCE;8K;-0,206780556;-78,48862222;Mástiles;Terraza;Pichincha;QUITO;PICHINCHA;OPERATIVO
N100044;Norte;PUCE_IBARRA;9E;0,345777778;-78,10736111;Monopolo;Terreno;Imbabura;SAN MIGUEL DE IBARRA;GIBA;OPERATIVO
S090068;Sur;PUEBLO_NUEVO_GUAYAS;9A;-0,993061111;-79,57416944;Torre Autosoportada;Terreno;Guayas;Pueblo Nuevo;GQUEVEDO;OPERATIVO
N170323;Norte;PUEBLO_UNIDO_UIO;9C;-0,297780556;-78,53258611;Polos;Terraza;Pichincha;QUITO;PICHINCHA;OPERATIVO
S130073;Sur;PUEBLO_NUEVO;9A;-0,985883333;-80,30764722;Torre Autosoportada;Terreno;Manabí;PUEBLO NUEVO;GPORTOV;OPERATIVO
S120022;Sur;PUEBLO_VIEJO;9C;-1,536397222;-79,52613611;Torre Autosoportada;Terreno;Los Ríos;PUEBLOVIEJO;GBABAHOYO;OPERATIVO
N170324;Norte;PUELLARO;9F;0,082280556;-78,40453056;Mástiles;Terraza;Pichincha;PUELLARO;GIBA;OPERATIVO
N170325;Norte;PUEMBO;8K;-0,177419444;-78,35780833;Torre Autosoportada;Terreno;Pichincha;QUITO;PICHINCHA;OPERATIVO
N1702314;Norte;PUEMBO_OESTE;9E;;;;;;;PICHINCHA;NUEVO
N1701188;Norte;PUENTE_2;9C;-0,253630556;-78,48433611;Monopolo;Terreno;Pichincha;QUITO;PICHINCHA;OPERATIVO
N170327;Norte;PUENTE_8;9F;-0,280841667;-78,47056389;Soportes;Terraza;Pichincha;QUITO;PICHINCHA;OPERATIVO
N170328;Norte;PUENTE_DEL_GUAMBRA;8K;-0,205019444;-78,49925278;Mástiles;Terraza;Pichincha;QUITO;PICHINCHA;OPERATIVO
N170326;Norte;PUENTE_GONZALES_SUAREZ;9C;-0,190011111;-78,48164167;Soportes;Terraza;Pichincha;QUITO;PICHINCHA;DESINSTALADO
N170875;Norte;PUENTE_GUAYLLABAMBA;9C;-0,082694444;-78,37688889;Monopolo;Terreno;Pichincha;GUAYLLABAMBA;PICHINCHA;OPERATIVO
N1701165;Norte;PUENTE_TOLA_BAJA_UIO;9F;-0,229277778;-78,50219444;Soportes;Terraza;Pichincha;QUITO;PICHINCHA;OPERATIVO
N170701;Norte;PUERTA_DEL_SOL;8K;-0,172525;-78,48444722;Mástiles;Terraza;Pichincha;QUITO;PICHINCHA;OPERATIVO
N200002;Norte;PUERTO_AYORA_N;8M;-0,740025;-90,32064167;Monopolo;Terreno;Galápagos;PUERTO AYORA;GALÁPAGOS (SANTA CRUZ);OPERATIVO
S090204;Sur;PUERTO_AZUL;9B;-2,185280556;-79,96444444;Torre Autosoportada;Terreno;Guayas;GUAYAQUIL;GUAYAS;OPERATIVO
N200003;Norte;PUERTO_BAQUERIZO_MORENO;8M;-0,906055556;-89,60597222;Torre Autosoportada;Terreno;Galápagos;PUERTO BAQUERIZO MORENO;GALÁPAGOS (SAN CRISTOBAL);OPERATIVO
S070029;Sur;PUERTO_DOLORES;9A;-3,375833333;-80,128075;Torre Autosoportada;Terreno;El Oro;JAMBELI;GELORO;OPERATIVO
S090069;Sur;PUERTO_INCA;9C;-2,540577778;-79,55224167;Torre Autosoportada;Terreno;Guayas;SAN CARLOS;GUAYAS;OPERATIVO
N230017;Norte;PUERTO_LIMON;9C;-0,389919444;-79,37140833;Torre Autosoportada;Terreno;Santo Domingo;PUERTO LIMON;GSTD;OPERATIVO
S090131;Sur;PUERTO_MARITIMO_GYE;9C;-2,277916667;-79,90741667;Monopolo;Terreno;Guayas;GUAYAQUIL;GUAYAS;OPERATIVO
N150007;Norte;PUERTO_MISAHUALLI;9A;-1,025294444;-77,65703056;Torre;Terreno;Napo;PUERTO MISAHUALLI;GTENA;OPERATIVO
N150008;Norte;PUERTO_NAPO;9A;-1,092225;-77,79083611;Torre Autosoportada;Terreno;Napo;PUERTO NAPO;GTENA;OPERATIVO
N170329;Norte;PUERTO_QUITO;9A;0,129091667;-79,25560278;Torre Autosoportada;Terreno;Pichincha;PUERTO QUITO;GSTD;OPERATIVO
S090205;Sur;PUERTO_SANTA_ANA;9C;-2,180847222;-79,87453056;Torreta;Terraza;Guayas;GUAYAQUIL;GUAYAS;OPERATIVO
N2000014;Norte;PUERTO_VILLAMIL;8M;-0,95425;-90,964417;Torre Autosoportada;Suelo;Galápagos;PUERTO VILLAMIL;GALÁPAGOS (SANTA CRUZ);OPERATIVO
S130193;Sur;PUERTO_ATUN_JARAMIJO;9C;-0,9285;-80,65872222;Torre;Terreno;Manabí;MANTA;GMANTA;OPERATIVO
S130074;Sur;PUERTO_CAYO;8F;-1,312797222;-80,75389722;Torre Autosoportada;Terreno;Manabí;PUERTO DE CAYO;GMANTA;OPERATIVO
S130075;Sur;PUERTO_LOPEZ;9A;-1,565752778;-80,82238611;Torre Autosoportada;Terreno;Manabí;PUERTO LOPEZ;GMANTA;OPERATIVO
S120023;Sur;PUERTO_PECHICHE;9C;-1,423058333;-79,55964167;Torre Autosoportada;Terreno;Los Ríos;PUERTO PECHICHE;GBABAHOYO;OPERATIVO
N050032;Norte;PUJILI;9C;-0,938333333;-78,67222222;Torre Autosoportada;Terreno;Cotopaxi;PUJILI;GAMB;OPERATIVO
N050033;Norte;PUJILI_CENTRO;9C;-0,953908333;-78,69439167;Torre Autosoportada;Terreno;Cotopaxi;PUJILI;GAMB;OPERATIVO
N050034;Norte;PUJILI_PARQ_ECOLOGIC;9C;-0,963630556;-78,699225;Monopolo;Terreno;Cotopaxi;PUJILI;GAMB;OPERATIVO
S240015;Sur;PUNTA_BLANCA;9E;-2,154533333;-80,79136389;Torre Autosoportada;Terreno;Santa Elena;SANTA ELENA;GSTAELENA;OPERATIVO
S130154;Sur;PUNTA_CARNERO;8C;-2,248683333;-80,92033333;;;Santa Elena;LA LIBERTAD;GSTAELENA;OPERATIVO
S2400051;Sur;PUNTA_CENTINELA;9F;-2,157444444;-80,81091667;Soportes;Terraza;Santa Elena;SANTA ELENA;GSTAELENA;OPERATIVO
S090206;Sur;PUNTILLA;9B;-2,145280556;-79,86361111;Monopolo;Terreno;Guayas;GUAYAQUIL;GUAYAS;OPERATIVO
N170330;Norte;PUSUQUI;9C;-0,067797222;-78,47028333;Monopolo;Terreno;Pichincha;QUITO;PICHINCHA;OPERATIVO
N210011;Norte;PUTUMAYO;9A;0,117794444;-75,85704722;Torre Autosoportada;Terreno;Sucumbios;PUERTO EL CARMEN DEL PUTUMAYO;GORE;OPERATIVO
N160003;Norte;PUYO;8F;-1,488622222;-78,04111111;Torre Autosoportada;Terreno;Pastaza;SHELL;GTENA;OPERATIVO
N160004;Norte;PUYO_CENTRO;9C;-1,487475;-77,99641111;Monopolo;Terreno;Pastaza;PUYO;GTENA;OPERATIVO
N160005;Norte;PUYO_COFANES;9C;-1,485569444;-77,99861944;Polos;Terraza;Pastaza;PUYO;GTENA;OPERATIVO
N160006;Norte;PUYO_MIRAFLORES;9C;-1,487308333;-78,01189167;Monopolo;Terreno;Pastaza;PUYO;GTENA;OPERATIVO
N160007;Norte;PUYO_NORTE;9C;-1,484747222;-78,00306944;Torre Autosoportada;Terreno;Pastaza;PUYO;GTENA;OPERATIVO
N160010;Norte;PUYO_OBRERO;9C;-1,479361111;-77,99955556;Monopolo;Terreno;Pastaza;PUYO;GTENA;OPERATIVO
N160017;Norte;PUYO_SUR_2;9C;-1,494305556;-77,98830556;Torreta;Terreno;Pastaza;PUYO;GTENA;OPERATIVO
N180042;Norte;QUERO;9C;-1,368808333;-78,63612222;Torre Autosoportada;Terreno;Tungurahua;MOCHA;GRBA;OPERATIVO
S120024;Sur;QUEVEDO;8C;-1,021811111;-79,46755833;Torre Autosoportada;Terreno;Los Ríos;QUEVEDO;GQUEVEDO;OPERATIVO
S120025;Sur;QUEVEDO_CENTRO;9C;-1,025280556;-79,46613333;Torre Tensada;Terreno;Los Ríos;QUEVEDO;GQUEVEDO;OPERATIVO
S120026;Sur;QUEVEDO_CENTRO_ESTE;9C;-1,034469444;-79,45529444;Torre Autosoportada;Terreno;Los Ríos;QUEVEDO;GQUEVEDO;OPERATIVO
S120027;Sur;QUEVEDO_ESTE;9A;-1,011308333;-79,44580833;Torre Autosoportada;Terreno;Los Ríos;QUEVEDO;GQUEVEDO;OPERATIVO
S120028;Sur;QUEVEDO_NORTE;9C;-1,008072222;-79,46861944;Monopolo;Terreno;Los Ríos;QUEVEDO;GQUEVEDO;OPERATIVO
S120029;Sur;QUEVEDO_SUR;9C;-1,031030556;-79,46972222;Torre Autosoportada;Terreno;Los Ríos;QUEVEDO;GQUEVEDO;OPERATIVO
S120030;Sur;QUEVEDO_SUR_2;9C;-1,043622222;-79,47391944;Torre Autosoportada;Terreno;Los Ríos;QUEVEDO;GQUEVEDO;OPERATIVO
S120049;Sur;QUEVEDO_TELCONET;10E;-1,0228;-79,465385;;;Los Ríos;Quevedo;GQUEVEDO;DESINSTALADO
N170333;Norte;QUICENTRO_SHOPPING;8K;-0,176638889;-78,47883333;Monopolo;Terreno;Pichincha;QUITO;PICHINCHA;OPERATIVO
N170331;Norte;QUICENTRO_SUR_INDOOR;8F;-0,285558333;-78,54355833;Torre Autosoportada;Terreno;Pichincha;QUITO;PICHINCHA;OPERATIVO
N170959;Norte;QUICENTRO_SUR_OUTDOOR;9C;-0,285555556;-78,54355833;Torre Autosoportada;Terreno;Pichincha;QUITO;PICHINCHA;OPERATIVO
N170334;Norte;QUINCHE;9A;-0,137066667;-78,28803611;Torre Autosoportada;Terreno;Pichincha;Quinche;PICHINCHA;OPERATIVO
N170877;Norte;QUINCHE_CENTRO;9C;-0,107333333;-78,29947222;Monopolo;Terreno;Pichincha;EL QUINCHE;PICHINCHA;OPERATIVO
N080047;Norte;QUINGUE;8C;0,716786111;-80,06819444;;;Esmeraldas;MUISNE;GESM;OPERATIVO
N080032;Norte;QUININDE;9A;0,323711111;-79,47800833;Torre Tensada;Terreno;Esmeraldas;Quinindé;GESM;OPERATIVO
S120031;Sur;QUINSALOMA;9A;-1,205561111;-79,31405833;Torre Autosoportada;Terreno;Los Ríos;QUINSALOMA;GQUEVEDO;OPERATIVO
S010165;Sur;QUINTA_LUCRECIA;9C;-2,91175;-79,01683333;Monopolo;Terreno;Azuay;CUENCA;CUENCA;OPERATIVO
S130076;Sur;QUIROGA;9C;-0,884694444;-80,09930556;Torre Autosoportada;Terreno;Manabí;QUIROGA;GCHONE;OPERATIVO
N180043;Norte;QUISAPINCHA;9C;-1,238141667;-78,66505833;Torre Autosoportada;Terreno;Tungurahua;AMBATILLO;GAMB;OPERATIVO
N170335;Norte;QUITENO_LIBRE;8K;-0,185780556;-78,47739167;Soportes;Terraza;Pichincha;QUITO;PICHINCHA;OPERATIVO
N170905;Norte;QUITO_CENTRO;8C;;;;;;;PICHINCHA;NUEVO
N170336;Norte;QUITO_NORTE;9F;-0,122525;-78,49778611;Mástiles;Terraza;Pichincha;QUITO;PICHINCHA;OPERATIVO
N170337;Norte;QUITO_SUR;9A;-0,339733333;-78,55100278;Torre Autosoportada;Terreno;Pichincha;QUITO;PICHINCHA;OPERATIVO
N170338;Norte;QUITO_TENNIS;8F;-0,162558333;-78,49214167;Mástiles;Terraza;Pichincha;QUITO;PICHINCHA;OPERATIVO
S0900709;Sur;RACAR_PLAZA;9C;-2,867472222;-79,03808333;Monopolo;Terreno;Azuay;CUENCA;CUENCA;OPERATIVO
N170924;Norte;RADISSON;13C;;;;;Pichincha;QUITO;PICHINCHA;OPERATIVO
S090207;Sur;RAMADA;9C;-2,187797222;-79,87945;Torre Autosoportada;Terreno;Guayas;GUAYAQUIL;GUAYAS;OPERATIVO
N1701062;Norte;RAMIREZ_DAVALOS;9F;-0,200527778;-78,49908333;Soportes;Terraza;Pichincha;QUITO;PICHINCHA;OPERATIVO
N170339;Norte;RANCHO_SAN_FRANCISCO;9C;-0,181694444;-78,44303056;Monopolo;Terreno;Pichincha;QUITO;PICHINCHA;OPERATIVO
N170340;Norte;REAL_AUDIENCIA;9C;-0,123141667;-78,48583333;Monopolo;Terreno;Pichincha;QUITO;PICHINCHA;OPERATIVO
S130077;Sur;REALES_TAMARINDOS;9F;-1,04861;-80,45517;Mástiles;Terraza;Manabí;PORTOVIEJO;GPORTOV;DESINSTALADO
N170341;Norte;RECREO;8F;-0,257794444;-78,52214167;Mástiles;Terraza;Pichincha;QUITO;PICHINCHA;OPERATIVO
N180044;Norte;RECREO_AMBATO;9C;-1,246408333;-78,62053056;Torre Autosoportada;Terreno;Tungurahua;AMBATO;GAMB;OPERATIVO
N170879;Norte;REDONDEL_DEL_INCA;9F;-0,154152778;-78,47557222;Mástiles;Terraza;Pichincha;QUITO;PICHINCHA;OPERATIVO
N1702309;Norte;REDONDEL_MIRAFLORES;9E;;;;;PICHINCHA;QUITO;PICHINCHA;NUEVO
S1200065;Sur;REGISTRO_CIVIL_BABAHOYO;9E;;;;;LOS RIOS;BABAHOYO;GBABAHOYO;NUEVO
S090070;Sur;REGISTRO_CIVIL_NORTE;9C;-2,141686111;-79,925725;Monopolo;Terreno;Guayas;GUAYAQUIL;GUAYAS;OPERATIVO
S110055;Sur;REINA_DEL_CISNE;9F;-4,003072222;-79,19696111;Soportes;Terraza;Loja;LOJA;GLOJA;OPERATIVO
NTEMP023;Norte;REMOTIZACION_LA_LUZ_ARCA;9F;;;;;;;PICHINCHA;NUEVO
S090209;Sur;RENO;8F;-2,1725;-79,89722222;Mástiles;Terraza;Guayas;GUAYAQUIL;GUAYAS;OPERATIVO
S030031;Sur;REPETIDOR_CHONTAMARCA;8D;-2,461519444;-79,07778056;;;Cañar;SUSCAL;CUENCA;OPERATIVO
S130121;Norte;REPETIDOR_HUMEDAD;8D;-0,037027778;-79,94394444;;;Manabí;FLAVIO ALFARO;GSTD;OPERATIVO
N220028;Norte;REPETIDOR_LORETO;8D;-0,546638889;-77,18558333;;;Orellana;LORETO;GORE;OPERATIVO
N170697;Norte;REPETIDOR_MINDO;10B;-0,026805556;-78,76016667;;;Pichincha;LOS BANCOS;PICHINCHA;OPERATIVO
N170702;Norte;REPETIDOR_MW_CONDORCOCHA;8D;-0,038972222;-78,50944444;;;Pichincha;QUITO;PICHINCHA;OPERATIVO
N170957;Norte;REPETIDOR_PAPALLACTA;10B;-0,387083;-78,1176;;;Napo;PAPALLACTA;PICHINCHA;OPERATIVO
S070061;Sur;REPETIDOR_PINAS;8D;-3,68975;-79,65966667;;;El Oro;PIÑAS;GELORO;OPERATIVO
S070062;Sur;REPETIDOR_REPPEN;10B;-3,5475;-79,6814;;;El Oro;PACCHA;GELORO;OPERATIVO
N100032;Norte;REPETIDOR_TUPIGACHI;10B;0,161472222;-78,19838889;;;Imbabura;OTAVALO;GIBA;OPERATIVO
S010096;Sur;REPETIDOR_ALISAL;8D;-2,806555556;-78,71166667;;;Azuay;GUACHAPALA;CUENCA;OPERATIVO
S130118;Sur;REPETIDOR_ALTAMIRA;8D;-1,055969444;-80,09480833;;;Manabí;PORTOVIEJO;GPORTOV;OPERATIVO
S130119;Sur;REPETIDOR_BELLAVISTA;10B;-1,327416667;-80,297;;;Manabí;SUCRE;GPORTOV;OPERATIVO
S190010;Sur;REPETIDOR_CONSUELO;10B;-4,003888889;-79,05805556;;;Zamora Chinchipe;ZAMORA;GLOJA;OPERATIVO
S130116;Sur;REPETIDOR_CONVENTO;8D;-0,212083333;-80,05163889;;;Manabí;PEDERNALES;GCHONE;OPERATIVO
S130113;Sur;REPETIDOR_FLAVIO_ALFARO;8D;-0,359916667;-79,86722222;;;Manabí;FLAVIO ALFARO;GCHONE;OPERATIVO
S130115;Sur;REPETIDOR_JAMA;8D;-0,268416667;-80,20813889;;;Manabí;JAMA;GCHONE;OPERATIVO
S030032;Sur;REPETIDOR_JORDAN;8D;-2,642861111;-78,60844444;;;Azuay;SEVILLA DE ORO;CUENCA;OPERATIVO
S110032;Sur;REPETIDOR_LA_CRUZ;8D;;;;;Loja;MACARA;GLOJA;OPERATIVO
N060039;Sur;REPETIDOR_LLAGOS;10B;-2,343472222;-78,96508333;;;Chimborazo;CHUNCHI;CUENCA;OPERATIVO
STEMP032;Sur;REPETIDOR_PADMI;10B;;;;;Loja;LOJA;GLOJA;OPERATIVO
S130114;Sur;REPETIDOR_SAN_ISIDRO;8D;-0,362416667;-80,18642778;;;Manabí;BAHIA DE CARAQUEZ;GCHONE;OPERATIVO
N020009;Sur;REPETIDOR_SAN_MIGUEL_(ANTES_CAPADIA);#N/D;;;;;;;GBABAHOYO;REUBICADO
S130117;Sur;REPETIDOR_SANTA_MARIANITA;8D;-0,980666667;-80,83311111;;;Manabí;MANTA;GMANTA;OPERATIVO
S010097;Sur;REPETIDOR_ZHORAY;8D;-2,5925;-78,63680556;;;Azuay;SAN ANTONIO;CUENCA;OPERATIVO
N220014;Norte;REPSOL_AMO1;9C;-0,914222222;-76,22755556;Torre Autosoportada;Terreno;Orellana;CONONACO;GORE;OPERATIVO
N220015;Norte;REPSOL_NPF;9C;-0,694055556;-76,42811111;Torre Autosoportada;Terreno;Orellana;ALEJANDRO LABAKA;GORE;OPERATIVO
N220016;Norte;REPSOL_SPF;9C;-0,989444444;-76,21030556;Torre Autosoportada;Terreno;Orellana;CONONACO;GORE;OPERATIVO
N170958;Norte;REPUBLICA;#N/D;-0,193136111;-78,48550278;;;Pichincha;QUITO;PICHINCHA;DESINSTALADO
N1701083;Norte;RESERVORIO_CUMBAYA;9F;-0,195;-78,42577778;Soportes;Terraza;Pichincha;QUITO;PICHINCHA;OPERATIVO
N210012;Norte;REVENTADOR;8C;-0,044911111;-77,52580278;Torre Autosoportada;Terreno;Sucumbios;EL REVENTADOR;GORE;OPERATIVO
S130078;Sur;RICAURTE;9A;-0,565022222;-80,01889167;Torre Autosoportada;Terreno;Manabí;RICAURTE;GCHONE;OPERATIVO
S120032;Sur;RICAURTE_LOS_RIOS;9C;-1,569641667;-79,46861111;Torre Autosoportada;Terreno;Los Ríos;RICAURTE;GBABAHOYO;OPERATIVO
N060020;Norte;RICPAMBA;9C;-1,66195;-78,67611389;Monopolo;Terreno;Chimborazo;RIOBAMBA;GRBA;OPERATIVO
N060021;Norte;RIELES_DE_RIOBAMBA;9C;-1,663502778;-78,66578056;Torre Autosoportada;Terreno;Chimborazo;RIOBAMBA;GRBA;OPERATIVO
N050054;Norte;RIO_CUTUCHI_LATACUNGA;9F;-0,925861111;-78,62680278;Soportes;Terraza;Cotopaxi;LATACUNGA;GAMB;OPERATIVO
N180045;Norte;RIO_NEGRO;9C;-1,414;-78,21935;Torre Autosoportada;Terreno;Tungurahua;RIO NEGRO;GRBA;OPERATIVO
N080033;Norte;RIO_VERDE;9A;1,058894444;-79,39916944;Torre;Terreno;Esmeraldas;RIOVERDE;GESM;OPERATIVO
S010110;Sur;RIO_AMARILLO;9C;-2,879727778;-79,050025;Monopolo;Terreno;Azuay;CUENCA;CUENCA;OPERATIVO
S010199;Sur;RIO_BLANCO_AZUAY;9C;-2,822861111;-79,35897222;Torre;Terreno;Azuay;MOLLETURO;CUENCA;OPERATIVO
S130079;Sur;RIO_CHICO_MANABI;9C;-0,993111111;-80,42311111;Torre Autosoportada;Terreno;Manabí;Río Chico Manabí;GPORTOV;OPERATIVO
N060022;Norte;RIOBAMBA;8C;-1,696908333;-78,66325833;Torre Autosoportada;Terreno;Chimborazo;RIOBAMBA;GRBA;OPERATIVO
N060023;Norte;RIOBAMBA_CENTRO;8F;-1,671408333;-78,65175278;Torreta;Terraza;Chimborazo;RIOBAMBA;GRBA;OPERATIVO
N0600068;Norte;RIOBAMBA_CENTRO_SUR;9C;-1,67839;-78,6485;;;Chimborazo;RIOBAMBA;GRBA;OPERATIVO
N060025;Norte;RIOBAMBA_ESTE;9F;-1,666119444;-78,65078056;Mástiles;Terraza;Chimborazo;RIOBAMBA;GRBA;OPERATIVO
N060026;Norte;RIOBAMBA_ESTE_2;#N/D;-1,666333333;-78,65080556;Torreta;Terraza;Chimborazo;RIOBAMBA;GRBA;DESINSTALADO
S060058;Norte;RIOBAMBA_IESS;9F;-1,668722222;-78,65808333;Soportes;Terraza;Chimborazo;RIOBAMBA;GRBA;OPERATIVO
N060027;Norte;RIOBAMBA_LA_FLORIDA;9F;-1,680575;-78,65445;Mástiles;Terraza;Chimborazo;RIOBAMBA;GRBA;OPERATIVO
N060028;Norte;RIOBAMBA_LA_PRADERA;9C;-1,640558333;-78,67439167;Polos;Terraza;Chimborazo;RIOBAMBA;GRBA;OPERATIVO
N060029;Norte;RIOBAMBA_LA_VASIJA;9F;-1,665030556;-78,64250833;Mástiles;Terraza;Chimborazo;RIOBAMBA;GRBA;OPERATIVO
N060030;Norte;RIOBAMBA_LAS_INDUSTRIAS;9C;-1,668058333;-78,63753056;Polos;Terraza;Chimborazo;RIOBAMBA;GRBA;OPERATIVO
N060031;Norte;RIOBAMBA_NORTE;9E;-1,663391667;-78,66001944;Torre Autosoportada;Terreno;Chimborazo;RIOBAMBA;GRBA;OPERATIVO
N060032;Norte;RIOBAMBA_OESTE;9F;-1,674502778;-78,65891111;Mástiles;Terraza;Chimborazo;RIOBAMBA;GRBA;OPERATIVO
N0600066;Norte;RIOBAMBA_SUR;9C;-1,68631;-78,6439;;;Chimborazo;RIOBAMBA;GRBA;OPERATIVO
N060057;Norte;RIOBAMBA_TELCONET;#N/D;-1,6453055;-78,67667;;;Chimborazo;Riobamba;GRBA;DESINSTALADO
S090410;Sur;RIOCENTRO_SUR;9F;-2,243055556;-79,89333333;Mástiles;Terraza;Guayas;GUAYAQUIL;GUAYAS;OPERATIVO
N1701172;Norte;RITHER_UIO;9F;-0,200777778;-78,51016667;Soportes;Terraza;Pichincha;QUITO;PICHINCHA;OPERATIVO
S090071;Sur;ROBERTO_ASTUDILLO;9C;-2,183308333;-79,51553056;Torre Autosoportada;Terreno;Guayas;Roberto Astudillo;GUAYAS;OPERATIVO
S090211;Sur;ROCAFUERTE;9F;-2,192780556;-79,8825;Mástiles;Terraza;Guayas;GUAYAQUIL;GUAYAS;OPERATIVO
S130080;Sur;ROCAFUERTE_MANABI;9A;-0,925025;-80,48790833;Torre Autosoportada;Terreno;Manabí;ROCAFUERTE;GPORTOV;OPERATIVO
N170342;Norte;RODRIGO_DE_CHAVEZ;9F;-0,24085;-78,52141111;Mástiles;Terraza;Pichincha;QUITO;PICHINCHA;OPERATIVO
S240026;Sur;RUBIRA_SALINAS;9C;-2,211133333;-80,95224722;Monopolo;Terreno;Santa Elena;SALINAS;GSTAELENA;OPERATIVO
N040010;Norte;RUMICHACA;9C;0,812308333;-77,67945833;Torre Autosoportada;Terreno;Carchi;Urbina;GIBA;OPERATIVO
N1701179;Norte;RUMICUCHO;9C;0,007666667;-78,44075;Monopolo;Terreno;Pichincha;QUITO;PICHINCHA;OPERATIVO
N050035;Norte;RUMIPAMBA_LAS_ROSAS;9F;-1,041030556;-78,59001944;Mástiles;Terraza;Cotopaxi;SAN MIGUEL;GAMB;OPERATIVO
N1701166;Norte;RUSIA_UIO;9F;-0,187083333;-78,4825;Soportes;Terraza;Pichincha;QUITO;PICHINCHA;OPERATIVO
N1701142;Norte;RUTA_COLLAS_A_UIO;9F;-0,105222222;-78,39125;Soportes;Terraza;Pichincha;QUITO;PICHINCHA;OPERATIVO
N1701200;Norte;RUTA_COLLAS_B_UIO;9C;-0,094666667;-78,37902778;Monopolo;Terreno;Pichincha;GUAYLLABAMBA;PICHINCHA;OPERATIVO
N1701384;Norte;RUTA_DAS_CONQUISTADORES_A;9C;-0,197052778;-78,45370556;Poste;Suelo;Pichincha;QUITO;PICHINCHA;OPERATIVO
N1701084;Norte;RUTA_DAS_MARIANA_DE_JESUS_A;9C;-0,189380556;-78,4896;Poste;Terreno;Pichincha;QUITO;PICHINCHA;OPERATIVO
N1701085;Norte;RUTA_DAS_MARIANA_DE_JESUS_B;9C;-0,186780556;-78,4955;Poste;Terreno;Pichincha;QUITO;PICHINCHA;OPERATIVO
N1701312;Norte;RUTA_PUEMBO;9C;-0,172666667;-78,36255556;Monopolo;Terreno;Pichincha;QUITO;PICHINCHA;OPERATIVO
N1701416;Norte;RUTA_SIMON_BOLIVAR_DOS;9C;-0,3792;-78,53088056;Poste;Suelo;Pichincha;QUITO;PICHINCHA;OPERATIVO
NTEMP029;Norte;RUTA_SIMÓN_BOLÍVAR_DOS_POSTE_3_(PRINCIPAL);9C;;;;;;;PICHINCHA;NUEVO
N1701415;Norte;RUTA_SIMON_BOLIVAR_UNO;9C;-0,3437;-78,52325;Poste;Suelo;Pichincha;QUITO;PICHINCHA;OPERATIVO
NTEMP028;Norte;RUTA_SIMÓN_BOLÍVAR_UNO_POSTE_3_(PRINCIPAL);9C;;;;;;;PICHINCHA;NUEVO
N1701412;Norte;RUTA_SIMON_CHILLOS;9C;-0,2315;-78,49267;Poste;Suelo;Pichincha;QUITO;PICHINCHA;OPERATIVO
N1701381;Norte;RUTA_SIMON_CONQUISTADORES;9C;-0,1984;-78,46039;Poste;Suelo;Pichincha;QUITO;PICHINCHA;OPERATIVO
N1701414;Norte;RUTA_VIVA_2;9C;-0,215444444;-78,45725;Poste;Terreno;Pichincha;QUITO;PICHINCHA;OPERATIVO
N1701313;Norte;RUTA_VIVA_CUMBAYA;9C;-0,20785;-78,43151111;Poste;Terreno;Pichincha;QUITO;PICHINCHA;OPERATIVO
N1701232;Norte;RUTA_VIVA_LA_DOLOROSA;9C;-0,222680556;-78,40961667;Monopolo;Terreno;Pichincha;QUITO;PICHINCHA;OPERATIVO
N1701183;Norte;RUTA_VIVA_LA_MORITA_B_UIO;9C;-0,218888889;-78,391;Monopolo;Terreno;Pichincha;QUITO;PICHINCHA;OPERATIVO
S148-01;Norte;RUTA_CUMBAYA_POSTE_3;9C;;;;;Pichincha;QUITO;PICHINCHA;OPERATIVO
S148-02;Norte;RUTA_CUMBYA_POSTE_4;9C;;;;;Pichincha;QUITO;PICHINCHA;OPERATIVO
NTEMP017;Norte;RUTA_CUMBYA_POSTE_5;9C;;;;;Pichincha;QUITO;PICHINCHA;OPERATIVO
NTEMP027;Norte;RUTA_SIMÓN_CHILLOS_POSTE_PRINCIPAL;9C;;;;;Pichincha;QUITO;PICHINCHA;OPERATIVO
NTEMP026;Norte;RUTA_SIMÓN_CONQUISTADORES_POSTE_PRINCIPAL;9C;;;;;Pichincha;QUITO;PICHINCHA;OPERATIVO
S190004;Sur;SABANILLA;9C;-3,967111111;-79,05575;Monopolo;Terreno;Zamora Chinchipe;SABANILLA;GLOJA;OPERATIVO
N1000057;Norte;SAGRARIO_IBARRA_3G;9C;0,345194;-78,1137;;;Imbabura;SAN MIGUEL DE IBARRA;GIBA;OPERATIVO
S0500053;Norte;SALACHE;9C;-0,978556;-78,6354;;;Cotopaxi;LATACUNGA;GAMB;OPERATIVO
S090212;Sur;SALADO;9B;-2,201669444;-79,93361111;Monopolo;Terreno;Guayas;GUAYAQUIL;GUAYAS;OPERATIVO
N050036;Norte;SALCEDO;9A;-1,049380556;-78,58825278;Torre Autosoportada;Terreno;Cotopaxi;SAN MIGUEL;GAMB;OPERATIVO
N050037;Norte;SALCEDO_CENTRO;9F;-1,043641667;-78,58766944;Mástiles;Terraza;Cotopaxi;SAN MIGUEL;GAMB;OPERATIVO
N050038;Norte;SALCEDO_SAN_SEBASTIAN;9C;-1,030277778;-78,58695278;Monopolo;Terreno;Cotopaxi;SAN MIGUEL;GAMB;OPERATIVO
S240016;Sur;SALINAS;8F;-2,207533333;-80,86503056;Torre Autosoportada;Terreno;Santa Elena;SANTA ELENA;GSTAELENA;OPERATIVO
S2400050;Sur;SALINAS_COUNTRY_CLUB;9C;-2,218472222;-80,95586111;Monopolo;Terreno;Santa Elena;SALINAS;GSTAELENA;OPERATIVO
S240037;Sur;SALINAS_YACHT_CLUB;9F;-2,203694444;-80,97786111;Soportes;Terraza;Santa Elena;SALINAS;GSTAELENA;OPERATIVO
S090213;Sur;SAMANES;9F;-2,111391667;-79,90361111;Mástiles;Terraza;Guayas;GUAYAQUIL;GUAYAS;OPERATIVO
S0900714;Sur;SAMANES_7;9C;-2,114194444;-79,91136111;Monopolo;Terreno;Guayas;GUAYAQUIL;GUAYAS;OPERATIVO
S090024;Sur;SAMBORONDON;9C;-1,959175;-79,72489167;Torre Autosoportada;Terreno;Guayas;SAMBORONDON;GUAYAS;OPERATIVO
N080034;Norte;SAME;9A;0,855083333;-79,91773333;Torre Autosoportada;Terreno;Esmeraldas;TONCHIGUE;GESM;OPERATIVO
N1000055;Norte;SAN_AGUSTIN_IBARRA;9C;0,351888;-78,1164;;;Imbabura;IBARRA;GIBA;OPERATIVO
N060033;Norte;SAN_ANDRES;9C;-1,565022222;-78,69444444;Torre;Terreno;Chimborazo;SAN ISIDRO DE PATULU;GRBA;OPERATIVO
N170343;Norte;SAN_ANTONIO;9C;-0,004458333;-78,45889167;Monopolo;Terreno;Pichincha;QUITO;PICHINCHA;OPERATIVO
N170344;Norte;SAN_ANTONIO_CENTRO;9F;-0,004725;-78,44455833;Mástiles;Terraza;Pichincha;QUITO;PICHINCHA;OPERATIVO
N100016;Norte;SAN_ANTONIO_DE_IBARRA;9C;0,339308333;-78,17696111;Torre Autosoportada;Terreno;Imbabura;SAN ANTONIO;GIBA;OPERATIVO
N170969;Norte;SAN_ANTONIO_ESTE;9F;-0,010777778;-78,44688889;Soportes;Terraza;Pichincha;QUITO;PICHINCHA;OPERATIVO
N170345;Norte;SAN_BARTOLO;8F;-0,27205;-78,53166944;Monopolo;Terreno;Pichincha;QUITO;PICHINCHA;OPERATIVO
N170346;Norte;SAN_BARTOLO_CENTRO;9C;-0,274186111;-78,53000278;Torreta;Terreno;Pichincha;QUITO;PICHINCHA;OPERATIVO
N210046;Norte;SAN_CAMILO_LIMONCOCHA;9C;-0,424861111;-76,61597222;Torre;Terreno;Sucumbios;LIMONCOCHA;GORE;OPERATIVO
N170762;Norte;SAN_CARLOS_UIO;9C;-0,127788889;-78,50305833;Monopolo;Terreno;Pichincha;QUITO;PICHINCHA;OPERATIVO
N200005;Norte;SAN_CRISTOBAL_N;8M;-0,903544444;-89,52110833;Torre Autosoportada;Terreno;Galápagos;SAN CRISTOBAL;GALÁPAGOS (SAN CRISTOBAL);OPERATIVO
S090457;Sur;SAN_EDUARDO;9C;-2,192444444;-79,94063889;Polos;Terraza;Guayas;GUAYAQUIL;GUAYAS;OPERATIVO
N170347;Norte;SAN_FERNANDO;9F;-0,144447222;-78,500575;Mástiles;Terraza;Pichincha;QUITO;PICHINCHA;OPERATIVO
N180046;Norte;SAN_FRANCISCO;9C;-1,236683333;-78,62444444;Torreta;Terraza;Tungurahua;AMBATO;GAMB;OPERATIVO
N1701226;Norte;SAN_FRANCISCO_NANEGAL;9C;0,086861111;-78,68280556;Monopolo;Terreno;Pichincha;NANEGALITO;PICHINCHA;OPERATIVO
N040011;Norte;SAN_GABRIEL;9A;0,610752778;-77,82474722;Torre Autosoportada;Terreno;Carchi;CRISTOBAL COLON;GIBA;OPERATIVO
N040020;Norte;SAN_GABRIEL_CENTRO;9F;0,596777778;-77,83469444;Soportes;Terraza;Carchi;SAN GABRIEL;GIBA;OPERATIVO
N170724;Norte;SAN_GABRIEL_MIRASIERRA;9C;-0,291675;-78,45783611;Torre Autosoportada;Terreno;Pichincha;QUITO;PICHINCHA;OPERATIVO
N170348;Norte;SAN_ISIDRO_ALTO;9F;-0,146686111;-78,46678056;Mástiles;Terraza;Pichincha;QUITO;PICHINCHA;OPERATIVO
N230018;Norte;SAN_JACINTO_DEL_BUA;9C;-0,142808333;-79,39333333;Torre Autosoportada;Terreno;Santo Domingo;SAN JACINTO DEL BUA;GSTD;OPERATIVO
N1701173;Norte;SAN_JOSE_DE_COCOTOG_UIO;9F;-0,13875;-78,42488889;Soportes;Terraza;Pichincha;QUITO;PICHINCHA;OPERATIVO
N170349;Norte;SAN_JOSE_DE_MINAS;9A;0,158633333;-78,41541944;Torre Autosoportada;Terreno;Pichincha;SAN JOSE DE MINAS;GIBA;OPERATIVO
N100017;Norte;SAN_JOSE_DE_QUICHINCHE;9C;0,238919444;-78,28600278;Monopolo;Terreno;Imbabura;SAN JOSE DE QUICHINCHE;GIBA;OPERATIVO
N1701233;Norte;SAN_JOSE_PUEMBO;9F;-0,204;-78,34433333;Soportes;Terraza;Pichincha;QUITO;PICHINCHA;OPERATIVO
N170691;Norte;SAN_JUAN;8C;-0,212319444;-78,51514167;;;Pichincha;QUITO;PICHINCHA;OPERATIVO
N170880;Norte;SAN_JUAN_ALT_CUMBAYA;9C;-0,201127778;-78,44861389;Monopolo;Terreno;Pichincha;QUITO;PICHINCHA;OPERATIVO
N180047;Norte;SAN_JUAN_BELLAVISTA;9F;-1,268075;-78,61516944;Soportes;Terraza;Tungurahua;AMBATO;GRBA;OPERATIVO
N1701468;Norte;SAN_JUAN_CALDERON;9C;-0,0647777;-78,4339;;;Pichincha;QUITO;PICHINCHA;OPERATIVO
N1701063;Norte;SAN_JUAN_DE_CUMBAYA;9C;-0,203527778;-78,43986111;Torreta;Terreno;Pichincha;QUITO;PICHINCHA;OPERATIVO
S090072;Sur;SAN_JUAN_DE_LA_ISLA;9A;-2,225008333;-79,35378056;Torre Tensada;Terreno;Guayas;San Juan De la Isla;GUAYAS;OPERATIVO
N050055;Norte;SAN_JUAN_DE_PASTOCALLE;9C;-0,72966666;-78,63441667;Torre Autosoportada;Suelo;Cotopaxi;TANICUCHI;GAMB;OPERATIVO
N080035;Norte;SAN_LORENZO;9A;1,263859722;-78,80115;Torre Autosoportada;Suelo;Esmeraldas;SAN LORENZO;GESM;OPERATIVO
N080059;Norte;SAN_LORENZO_CENTRO;9F;1,283777778;-78,83505556;Soportes;Terraza;Esmeraldas;SAN LORENZO;GESM;OPERATIVO
N050039;Norte;SAN_LUIS;9F;-0,931055556;-78,62275;Mástiles;Terraza;Cotopaxi;LATACUNGA;GAMB;OPERATIVO
N060052;Norte;SAN_LUIS_RIOBAMBA;9C;-1,710847222;-78,63973611;Monopolo;Terreno;Chimborazo;SAN LUIS;GRBA;OPERATIVO
N170350;Norte;SAN_LUIS_SHOPPING;9C;-0,307222222;-78,44889722;Monopolo;Terreno;Pichincha;QUITO;PICHINCHA;OPERATIVO
S090214;Sur;SAN_MARTIN;9C;-2,194730556;-79,92786389;Torre Autosoportada;Terreno;Guayas;GUAYAQUIL;GUAYAS;OPERATIVO
N1701198;Norte;SAN_MATEO_CHILLO;9F;-0,278222222;-78,56438889;Soportes;Terraza;Pichincha;QUITO;PICHINCHA;OPERATIVO
N080036;Norte;SAN_MATEO_ESMERALDAS;9C;0,880058333;-79,63739167;Torre;Terreno;Esmeraldas;SAN MATEO;GESM;OPERATIVO
N170351;Norte;SAN_MIGUEL_ALTAPAMBA;9C;-0,085502778;-78,30583333;Torre Tensada;Terreno;Pichincha;EL QUINCHE;PICHINCHA;OPERATIVO
N230019;Norte;SAN_MIGUEL_DE_STO_DOMINGO;9C;-0,307308333;-79,25275278;Torre Autosoportada;Terreno;Santo Domingo;SANTO DOMINGO DE LOS COLORADOS;GSTD;OPERATIVO
N170352;Norte;SAN_PEDRO_CLAVER;9F;-0,129391667;-78,49585;Mástiles;Terraza;Pichincha;QUITO;PICHINCHA;OPERATIVO
S130139;Norte;SAN_PEDRO_DE_SUMA;9A;-0,219280556;-79,54167222;Torre Autosoportada;Terreno;Manabí;SAN PEDRO DE SUMA;GSTD;OPERATIVO
N1701457;Norte;SAN_PEDRO_UIO;9C;-0,176111;-78,425167;Monopolo;Suelo;Pichincha;QUITO;PICHINCHA;OPERATIVO
N170353;Norte;SAN_RAFAEL;8F;-0,300283333;-78,45955833;Torre Autosoportada;Terreno;Pichincha;QUITO;PICHINCHA;OPERATIVO
N220017;Norte;SAN_SEBASTIAN_COCA;9C;-0,330569444;-76,99128056;Torre Autosoportada;Terreno;Orellana;SAN SEBASTIAN DEL COCA;GORE;OPERATIVO
S010046;Sur;SAN_BLAS;9E;-2,905847222;-78,99741944;Torre Autosoportada;Terreno;Azuay;CUENCA;CUENCA;OPERATIVO
S120046;Sur;SAN_CARLOS;9C;-1,12195;-79,43701944;Torre Autosoportada;Terreno;Los Ríos;SAN CARLOS;GQUEVEDO;OPERATIVO
S190005;Sur;SAN_CARLOS_DE_MINAS;9C;-4,023166667;-78,82488889;Monopolo;Terreno;Zamora Chinchipe;SAN CARLOS DE LAS MINAS;GLOJA;OPERATIVO
S130081;Sur;SAN_CLEMENTE;9C;-0,764530556;-80,51098889;Torre Autosoportada;Terreno;Manabí;CHARAPOTO;GCHONE;OPERATIVO
S120056;Sur;SAN_FELIPE_QUEVEDO;9C;-1,081055556;-79,51125;Torre;Terreno;Los Ríos;MOCACHE;GQUEVEDO;OPERATIVO
S120033;Sur;SAN_GERARDO;8F;-1,269669444;-79,42630833;Torre Autosoportada;Terreno;Los Ríos;ZAPOTAL;GBABAHOYO;OPERATIVO
S130082;Sur;SAN_ISIDRO_MANABI;8F;-0,383061111;-80,18666944;Torre Autosoportada;Terreno;Manabí;SAN ISIDRO;GCHONE;OPERATIVO
S120034;Sur;SAN_JUAN_DE_LOS_RIOS;9A;-1,628283333;-79,55987222;Torre Autosoportada;Terreno;Los Ríos;SAN JUAN;GBABAHOYO;OPERATIVO
S2400053;Sur;SAN_LORENZO_SALINAS;#N/D;;;;;;;GSTAELENA;NUEVO
S020014;Sur;SAN_LUIS_PAMBIL;9A;-1,2364;-79,23766944;Torre Autosoportada;Terreno;Bolivar;SAN LUIS DE PAMBIL;GQUEVEDO;OPERATIVO
S130083;Sur;SAN_MATEO;9A;-0,957355556;-80,81386111;Torre Autosoportada;Terreno;Manabí;SAN MATEO;GMANTA;OPERATIVO
N020006;Sur;SAN_MIGUEL_DE_BOLIVAR;9C;-1,705919444;-79,01714167;Torre Autosoportada;Terreno;Bolivar;SANTIAGO;GBABAHOYO;OPERATIVO
N020007;Sur;SAN_PABLO_ATENAS;9C;-1,817805556;-79,06197222;Torre Autosoportada;Terreno;Bolivar;San Pablo Atenas;GBABAHOYO;OPERATIVO
S110017;Sur;SAN_PEDRO_DE_LA_BENDITA;9C;-3,941780556;-79,43946944;Torre Autosoportada;Terreno;Loja;SAN PEDRO DE LA BENDITA;GLOJA;OPERATIVO
S010047;Sur;SAN_PEDRO_RACAR;9C;-2,86;-79,03600278;Torreta;Terraza;Azuay;CUENCA;CUENCA;OPERATIVO
S130140;Sur;SAN_PLACIDO;9A;-1,054030556;-80,24986667;Torre Autosoportada;Terreno;Manabí;SAN PLACIDO;GPORTOV;OPERATIVO
S010048;Sur;SAN_SEBASTIAN;8F;-2,892247222;-79,01945833;Torreta;Terraza;Azuay;CUENCA;CUENCA;OPERATIVO
N130148;Sur;SAN_SEBASTIAN_DE_MANABI;9A;-1,058272222;-80,00815556;Torre Autosoportada;Terreno;Manabí;SAN SEBASTIAN;GQUEVEDO;OPERATIVO
S240017;Sur;SAN_VICENTE;9C;-2,240197222;-80,76814167;Torre Autosoportada;Terreno;Santa Elena;SANTA ELENA;GSTAELENA;OPERATIVO
S130084;Sur;SAN_VICENTE_DE_MANABI;9C;-0,589058333;-80,40835833;Torre Autosoportada;Terreno;Manabí;SAN VICENTE;GCHONE;OPERATIVO
S130085;Sur;SANCAN;9C;-1,264627778;-80,58254444;Torre Autosoportada;Terreno;Manabí;JIPIJAPA;GMANTA;OPERATIVO
N170354;Norte;SANGOLQUI;8F;-0,331752778;-78,44650278;Torre Autosoportada;Terreno;Pichincha;QUITO;PICHINCHA;OPERATIVO
S090073;Sur;SANTA_ANA;8C;-1,930369444;-79,76271667;Torre Autosoportada;Terreno;Guayas;SAMBORONDON;GUAYAS;OPERATIVO
N1701189;Norte;SANTA_ANITA_SUR_UIO;9F;-0,260861111;-78,53858333;Soportes;Terraza;Pichincha;QUITO;PICHINCHA;OPERATIVO
N170355;Norte;SANTA_BARBARA;9C;-0,270233333;-78,55454444;Polos;Terraza;Pichincha;QUITO;PICHINCHA;OPERATIVO
N210013;Norte;SANTA_CECILIA;9C;0,086641667;-77,00806944;Torre Autosoportada;Terreno;Sucumbios;SANTA CECILIA;GORE;OPERATIVO
N170356;Norte;SANTA_CLARA;8K;-0,19945;-78,49878056;Mástiles;Terraza;Pichincha;QUITO;PICHINCHA;OPERATIVO
N160015;Norte;SANTA_CLARA_VIA_TENA;9C;-1,303805556;-77,88330556;Torre;Terreno;Pastaza;SANTA CLARA;GTENA;OPERATIVO
N200006;Norte;SANTA_CRUZ_N;8M;-0,643311111;-90,32636389;Torre Autosoportada;Terreno;Galápagos;SANTA CRUZ;GALÁPAGOS (SANTA CRUZ);OPERATIVO
N170357;Norte;SANTA_INES;8F;-0,196502778;-78,41705833;Torre Autosoportada;Terreno;Pichincha;QUITO;PICHINCHA;OPERATIVO
S090633;Sur;SANTA_LEONOR_GYE;9F;-2,150527778;-79,87636111;Soportes;Terraza;Guayas;GUAYAQUIL;GUAYAS;OPERATIVO
S090074;Sur;SANTA_LUCIA;9C;-1,718336111;-79,98807778;Torre Autosoportada;Terreno;Guayas;SANTA LUCIA;GUAYAS;OPERATIVO
N170358;Norte;SANTA_MONICA;9C;-0,2825;-78,48753056;Monopolo;Terreno;Pichincha;QUITO;PICHINCHA;OPERATIVO
S070030;Sur;SANTA_ROSA;8C;-3,449097222;-79,96223056;Torre Autosoportada;Terreno;El Oro;SANTA ROSA;GELORO;OPERATIVO
N180048;Norte;SANTA_ROSA_AMBATO;9C;-1,285502778;-78,66140278;Torre Autosoportada;Terreno;Tungurahua;SANTA ROSA;GRBA;OPERATIVO
S070031;Sur;SANTA_ROSA_CENTRO;9C;-3,449736111;-79,95989167;Torre Autosoportada;Terreno;El Oro;SANTA ROSA;GELORO;OPERATIVO
N1701227;Norte;SANTA_ROSA_DE_TUMBACO;9C;-0,203666667;-78,38811111;Monopolo;Terreno;Pichincha;QUITO;PICHINCHA;OPERATIVO
N1701228;Norte;SANTA_ROSA_SANGOLQUI;9F;-0,335944444;-78,449;Soportes;Terraza;Pichincha;QUITO;PICHINCHA;OPERATIVO
N1701174;Norte;SANTA_TERESITA_DEL_VALLE_CONOCOTO;9F;-0,263888889;-78,49769444;Soportes;Terraza;Pichincha;QUITO;PICHINCHA;OPERATIVO
S010049;Sur;SANTA_ANA_AZUAY;9C;-2,945419444;-78,92195833;Torre Autosoportada;Terreno;Azuay;SANTA ANA;CUENCA;OPERATIVO
S130141;Sur;SANTA_ANA_MANABI;9A;-1,187363889;-80,37088611;Torre Autosoportada;Terreno;Manabí;SANTA ANA DE VUELTA LARGA;GPORTOV;OPERATIVO
S0900732;Sur;SANTA_CECILIA_GYE;9C;-2,15886;-79,9399;;;Guayas;GUAYAQUIL;GUAYAS;OPERATIVO
S240018;Sur;SANTA_ELENA;9C;-2,226830556;-80,85580278;Torre Autosoportada;Terreno;Santa Elena;SANTA ELENA;GSTAELENA;OPERATIVO
S010050;Sur;SANTA_ISABEL;8F;-3,315641667;-79,28611111;Torre Autosoportada;Terreno;Azuay;Sulupali Grande;CUENCA;OPERATIVO
S010163;Sur;SANTA_ISABEL_TELCONET;10E;-3,2746222;-79,313995;;;Azuay;Santa Isabel;CUENCA;DESINSTALADO
N230020;Norte;SANTO_DOMINGO;8C;-0,246675;-79,19222222;Torre Autosoportada;Terreno;Santo Domingo;SANTO DOMINGO DE LOS COLORADOS;GSTD;OPERATIVO
N230025;Norte;SANTO_DOMINGO_CALASACON;9C;-0,239641667;-79,17039167;Monopolo;Terreno;Santo Domingo;SANTO DOMINGO DE LOS COLORADOS;GSTD;OPERATIVO
N230021;Norte;SANTO_DOMINGO_CENTRO;9A;-0,250780556;-79,16664167;Torre Autosoportada;Terreno;Santo Domingo;SANTO DOMINGO DE LOS COLORADOS;GSTD;OPERATIVO
N230022;Norte;SANTO_DOMINGO_OESTE;9C;-0,272233333;-79,19780833;Monopolo;Terreno;Santo Domingo;SANTO DOMINGO DE LOS COLORADOS;GSTD;OPERATIVO
N230023;Norte;SANTO_DOMINGO_SUR;9D;-0,261402;-79,18568;Torre Autosoportada;Suelo;Santo Domingo;SANTO DOMINGO DE LOS COLORADOS;GSTD;OPERATIVO
N1701146;Norte;SANTO_TOMAS_UIO;9F;-0,330222222;-78,54788889;Soportes;Terraza;Pichincha;QUITO;PICHINCHA;OPERATIVO
N050040;Norte;SAQUISILI;9C;-0,843358333;-78,65891944;Torre Autosoportada;Terreno;Cotopaxi;SAQUISILI;GAMB;OPERATIVO
N050041;Norte;SAQUISILI_CENTRO;9C;-0,838611111;-78,66578056;Torre Autosoportada;Terreno;Cotopaxi;SAQUISILI;GAMB;OPERATIVO
S110018;Sur;SARAGURO;9C;-3,632030556;-79,24362222;Torre Autosoportada;Terreno;Loja;SARAGURO;GLOJA;OPERATIVO
N150009;Norte;SARAYACU;9C;-0,695169444;-77,81613333;Torre Autosoportada;Terreno;Napo;COTUNDO;GTENA;OPERATIVO
N150010;Norte;SARDINAS;9C;-0,379641667;-77,82113333;Torre;Terreno;Napo;SARDINAS;GTENA;OPERATIVO
S090215;Sur;SAUCES;9A;-2,122780556;-79,89972222;Torre Autosoportada;Terreno;Guayas;GUAYAQUIL;GUAYAS;OPERATIVO
S090691;Sur;SAUCES_1;9F;-2,142138889;-79,89347222;Soportes;Terraza;Guayas;GUAYAQUIL;GUAYAS;OPERATIVO
S090216;Sur;SAUCES_3;9C;-2,129305556;-79,88858333;Torreta;Terraza;Guayas;GUAYAQUIL;GUAYAS;OPERATIVO
S090217;Sur;SAUCES_6;9C;-2,125780556;-79,89473333;Torre Autosoportada;Terreno;Guayas;GUAYAQUIL;GUAYAS;OPERATIVO
S090218;Sur;SAUCES_7;9C;-2,137155556;-79,89035;Monopolo;Terreno;Guayas;GUAYAQUIL;GUAYAS;OPERATIVO
S090219;Sur;SAUCES_8;9C;-2,129555556;-79,90222222;Torreta;Terraza;Guayas;GUAYAQUIL;GUAYAS;OPERATIVO
S090220;Sur;SAUCES_9;9C;-2,132947222;-79,89258611;Torre Autosoportada;Terreno;Guayas;GUAYAQUIL;GUAYAS;OPERATIVO
S010051;Sur;SAYAUSI;9F;-2,876058333;-79,08416944;Mástiles;Terraza;Azuay;CUENCA;CUENCA;OPERATIVO
N2300047;Norte;SD_AV_CHONE;9C;-0,25325;-79,1818;;;Santo Domingo;SANTO DOMINGO DE LOS COLORADOS;GSTD;OPERATIVO
N2300048;Norte;SD_AV_QUINCHES;9C;-0,272472;-79,1754;;;Santo Domingo;SANTO DOMINGO;GSTD;OPERATIVO
N2300041;Norte;SD_PASEO_SHOPPING;9C;-0,24925;-79,16;;;Santo Domingo;SANTO DOMINGO DE LOS COLORADOS;GSTD;OPERATIVO
N2300042;Norte;SD_REDONDEL_COLORADO;9C;-0,253417;-79,1759;;;Santo Domingo;SANTO DOMINGO;GSTD;OPERATIVO
N2300040;Norte;SD_TERMINAL;9C;-0,236806;-79,1651;;;Santo Domingo;SANTO DOMINGO;GSTD;OPERATIVO
N2300043;Norte;SD_VIA_QUEVEDO;9C;-0,288889;-79,2129;;;Santo Domingo;SANTO DOMINGO;GSTD;OPERATIVO
S130180;Sur;SECAP_MANTA;9F;-0,983888889;-80,68866667;Soportes;Terraza;Manabí;MANTA;GMANTA;OPERATIVO
N170359;Norte;SEIS_DE_DICIEMBRE;9F;-0,208908333;-78,49417222;Mástiles;Terraza;Pichincha;QUITO;PICHINCHA;OPERATIVO
N100018;Norte;SELVA_ALEGRE;9C;0,2389;-78,31916944;Torre Autosoportada;Terreno;Imbabura;SAN JOSE DE QUICHINCHE;GIBA;OPERATIVO
N170899;Norte;SELVA_ALEGRE_RUMINAHUI;9C;-0,348;-78,43133333;Monopolo;Terreno;Pichincha;QUITO;PICHINCHA;OPERATIVO
S090221;Sur;SERGIO_TORAL;9A;-2,104641667;-79,9875;Monopolo;Terreno;Guayas;GUAYAQUIL;GUAYAS;OPERATIVO
S130086;Sur;SESME;9C;-0,495280556;-80,05361944;Torre Tensada;Terreno;Manabí;ELOY ALFARO;GCHONE;OPERATIVO
S010052;Sur;SEVILLA_DE_ORO;9C;-2,762308333;-78,67251944;Torre Autosoportada;Terreno;Azuay;EL PAN;CUENCA;OPERATIVO
S090629;Sur;SHERATON_2_GYE;9F;-2,156416667;-79,89544444;Soportes;Terraza;Guayas;GUAYAQUIL;GUAYAS;OPERATIVO
S090222;Sur;SHERATON_GUAYAQUIL;9C;-2,156944444;-79,8925;Monopolo;Terreno;Guayas;GUAYAQUIL;GUAYAS;OPERATIVO
N210014;Norte;SHUSHUFINDI;8C;-0,1821;-76,66371111;Torre Autosoportada;Terreno;Sucumbios;SHUSHUFINDI;GORE;OPERATIVO
N170360;Norte;SHYRIS;8K;-0,1753;-78,48041944;Soportes;Terraza;Pichincha;QUITO;PICHINCHA;OPERATIVO
N1701482;Norte;SHYRIS_PARK;8K;;;;;;;PICHINCHA;NUEVO
N050042;Norte;SIGCHOS;9C;-0,697;-78,88038889;Torre Autosoportada;Terreno;Cotopaxi;SIGCHOS;GAMB;OPERATIVO
S010095;Sur;SIMBALA;8F;-3,13918;-79,0812;;;Azuay;Simbala;CUENCA;OPERATIVO
N020008;Sur;SIMIATUG;9A;-1,306722222;-78,95133333;Torre;Terreno;Bolivar;SIMIATUG;GBABAHOYO;OPERATIVO
S090075;Sur;SIMON_BOLIVAR_GUAYAS;9C;-1,998058333;-79,49083333;Torre Autosoportada;Terreno;Guayas;SIMON BOLIVAR;GUAYAS;OPERATIVO
N160019;Norte;SIMON_BOLIVAR_VIA_MACAS;9C;-1,720222222;-77,84655556;Torre;Terreno;Pastaza;SIMON BOLIVAR;GTENA;OPERATIVO
N210048;Norte;SINDICATO_CHOFERES_LAGO_AGRIO_;9C;0,072361111;-76,88888889;Monopolo;Terreno;Sucumbios;NUEVA LOJA;GORE;OPERATIVO
N1701229;Norte;SITE_CENTER;9F;-0,197861111;-78,44458333;Soportes;Terraza;Pichincha;QUITO;PICHINCHA;OPERATIVO
S090642;Sur;SIXTO_CHANG;9C;-2,629138889;-80,39791667;Monopolo;Terreno;Guayas;PLAYAS;GSTAELENA;OPERATIVO
N170362;Norte;SOLANDA;9C;-0,269669444;-78,54084722;Torreta;Terraza;Pichincha;QUITO;PICHINCHA;OPERATIVO
N170363;Norte;SOLANDA_SUR;9F;-0,273641667;-78,54335833;Mástiles;Terraza;Pichincha;QUITO;PICHINCHA;OPERATIVO
N170364;Norte;SOLANDA_SUR_2;9E;-0,267519444;-78,54529722;Torre Autosoportada;Terreno;Pichincha;QUITO;PICHINCHA;OPERATIVO
N170365;Norte;SOLCA;9E;-0,136972222;-78,46647222;Torre Autosoportada;Terreno;Pichincha;QUITO;PICHINCHA;OPERATIVO
S110019;Sur;SOZORANGA;9C;-4,336122222;-79,78196111;Torre Autosoportada;Terreno;Loja;SOZORANGA;GLOJA;OPERATIVO
S010129;Sur;STA_CATALINA_CUENCA;9F;-2,878472222;-78,98069444;Soportes;Terraza;Azuay;CUENCA;CUENCA;OPERATIVO
S090076;Sur;SUBURBIO_OESTE;9C;-2,211113889;-79,94108611;Torre Autosoportada;Terreno;Guayas;GUAYAQUIL;GUAYAS;OPERATIVO
N130149;Sur;SUCRE;9C;-1,278608333;-80,42634722;Torre Autosoportada;Terreno;Manabí;SUCRE;GPORTOV;OPERATIVO
S010102;Sur;SUCRE_CUENCA;9F;-2,903333333;-79,01555833;Mástiles;Terraza;Azuay;CUENCA;CUENCA;OPERATIVO
N140015;Norte;SUCUA_CENTRO;9C;-2,455972222;-78,17325;Soportes;Terraza;Morona Santiago;SUCUA;GTENA;OPERATIVO
N1701248;Norte;SUECIA_UIO;9F;-0,178111111;-78,48094444;Soportes;Terraza;Pichincha;QUITO;PICHINCHA;OPERATIVO
N170366;Norte;SUPERMAXI_ATAHUALPA;9C;-0,25002;-78,538103;Torre Autosoportada;Terraza;Pichincha;QUITO;PICHINCHA;OPERATIVO
N100019;Norte;SUPERMAXI_IBARRA;9F;0,345752778;-78,13608611;Soportes;Terraza;Imbabura;SAN MIGUEL DE IBARRA;GIBA;OPERATIVO
S030024;Sur;SUSCAL;9C;-2,435572222;-79,04194722;Torre Autosoportada;Terreno;Cañar;SUSCAL;CUENCA;OPERATIVO
N040012;Norte;TABABUELA;9C;0,497991667;-78,07823611;Torre Autosoportada;Terreno;Carchi;Mira;GIBA;OPERATIVO
N170367;Norte;TABACUNDO;8F;0,065280556;-78,23993056;Torre Autosoportada;Terreno;Pichincha;TABACUNDO;GIBA;OPERATIVO
N170886;Norte;TAMBILLO;9C;;;;;;;PICHINCHA;OPERATIVO
N1701455;Norte;TAMBILLO_SUR;9C;-0,407944;-78,54625;TORRETA;NULL;Pichincha;TAMBILLO;PICHINCHA;OPERATIVO
S030025;Sur;TAMBO;9C;-2,510094;-78,927228;Torre Autosoportada;Suelo;Cañar;EL TAMBO;CUENCA;OPERATIVO
N170887;Norte;TANDA;9C;-0,166119444;-78,43888889;Monopolo;Terreno;Pichincha;QUITO;PICHINCHA;OPERATIVO
NTEMP003;Norte;TANDAPI;8C;;;;;Pichincha;TANDAPI;GSTD;OPERATIVO
DESINSTALADO;Norte;TANDAPI_TELCONET;#N/D;;;;;El Oro;BALSAS;GSTD;DESINSTALADO
S110020;Sur;TAQUIL;9C;-3,905725;-79,29168056;Torre;Terreno;Loja;Taquil;GLOJA;OPERATIVO
N220036;Norte;TARACOA;9C;-0,491888889;-76,78075;Torre;Terreno;Orellana;TARACOA;GORE;OPERATIVO
N210015;Norte;TARAPOA;9C;-0,115980556;-76,33639444;Torre Autosoportada;Terreno;Sucumbios;TARAPOA;GORE;OPERATIVO
S010053;Sur;TARQUI;9C;-2,999666667;-79,03715833;Torre Autosoportada;Terreno;Azuay;TARQUI;CUENCA;OPERATIVO
S090025;Sur;TAURA;9C;-2,307794444;-79,73501111;Torre Tensada;Terreno;Guayas;Taura;GUAYAS;OPERATIVO
S090598;Sur;TC_TELEVISION_GYE;9F;-2,161055556;-79,89188889;Soportes;Terraza;Guayas;GUAYAQUIL;GUAYAS;OPERATIVO
N170368;Norte;TEATRO_SUCRE;9F;-0,218252778;-78,50807222;Mástiles;Terraza;Pichincha;QUITO;PICHINCHA;OPERATIVO
S090595;Sur;TECNOLOGICO_ESPIRITU_SANTO_GYE;9C;-2,150111111;-79,91208333;Monopolo;Terreno;Guayas;GUAYAQUIL;GUAYAS;OPERATIVO
N170369;Norte;TELEFERICO;9F;-0,187169444;-78,53705833;Mástiles;Terraza;Pichincha;QUITO;PICHINCHA;OPERATIVO
N170370;Norte;TELEGRAFO;8K;-0,171961111;-78,482225;Mástiles;Terraza;Pichincha;QUITO;PICHINCHA;OPERATIVO
N170916;Norte;TEMP_NAIQ_NORTE;8K;-0,123233333;-78,36053333;Torreta;Terreno;Pichincha;QUITO;PICHINCHA;DESINSTALADO
N170917;Norte;TEMP_NAIQ_SUR;8F;-0,125672222;-78,36044722;Poste;Terreno;Pichincha;QUITO;PICHINCHA;OPERATIVO
N1701448;Norte;TEMP_PARQUE_BICENTENARIO_UMTS;9C;-0,145055556;-78,48994444;Soportes;NULL;Pichincha;QUITO;PICHINCHA;OPERATIVO
N1701449;Norte;TEMP_PLAZA_QUITUMBE;9F;-0,294922222;-78,54533056;Mástiles;Terraza;Pichincha;QUITO;PICHINCHA;OPERATIVO
N1701066;Norte;TEMP_RUTA_VIVA;9F;-0,209027778;-78,45755556;Soportes;Terraza;Pichincha;QUITO;PICHINCHA;OPERATIVO
N100038;Norte;TEMP_YACHAY_URCUQUI_2;9C;0,401416667;-78,17372222;Monopolo;Terreno;Imbabura;URCUQUI;GIBA;OPERATIVO
N1701411;Norte;TEMPO_CC_JARDIN_NORTE;9C;-0,189277778;-78,48675;Poste;Terreno;Pichincha;QUITO;PICHINCHA;OPERATIVO
N1701450;Norte;TEMPO_ING_ESTADIO;9F;-0,178416666;-78,47783333;Soportes;Terraza;Pichincha;QUITO;PICHINCHA;OPERATIVO
N1300152;Norte;TEMPO_PEDERNALES;9C;0,074752;-80,044761;Torreta;Terraza;Manabí;PEDERNALES;GSTD;OPERATIVO
S240049;Sur;TEMPO_BARCELO_COLON;9C;-2,207288;-80,95931;Torre Tensada;Suelo;Santa Elena;SALINAS;DESINSTALADA;DESINSTALADO
S240045;Sur;TEMPO_MALECON_CHIPIPE;9C;-2,19925;-80,982833;Poste;Suelo;Santa Elena;SALINAS;GSTAELENA;OPERATIVO
S240046;Sur;TEMPO_MALECON_SALINAS;9C;-2,205528;-80,971767;Poste;Suelo;Santa Elena;SALINAS;GSTAELENA;OPERATIVO
S1300195;Sur;TEMPO_PORTOVIEJO;9C;-1,058267;-80,453073;Torreta;Terraza;Manabí;PORTOVIEJO;GPORTOV;OPERATIVO
S1300197;Sur;TEMPO_PORTOVIEJO_ECU911;9C;-1,071107;-80,447237;Torreta;Suelo;Manabí;PORTOVIEJO;GPORTOV;OPERATIVO
S240047;Sur;TEMPO_SAN_PABLO;9C;-2,1332;-80,767964;Poste;Suelo;Santa Elena;SANTA ELENA;GSTAELENA;OPERATIVO
N150011;Norte;TENA;8C;-0,999427778;-77,80051944;Torre Autosoportada;Terreno;Napo;TENA;GTENA;OPERATIVO
N150012;Norte;TENA_CENTRO;9C;-0,993061111;-77,81416944;Torreta;Terraza;Napo;TENA;GTENA;OPERATIVO
N150013;Norte;TENA_ESTE;9C;-0,998355556;-77,80807222;Polos;Terraza;Napo;TENA;GTENA;OPERATIVO
N150014;Norte;TENA_SUR;9F;-1,000833333;-77,81166944;Mástiles;Terraza;Napo;TENA;GTENA;OPERATIVO
S0900707;Sur;TENNIS_CLUB_CENTRO_GYE;9F;-2,187833333;-79,89655556;Soportes;Terraza;Guayas;GUAYAQUIL;GUAYAS;OPERATIVO
S090223;Sur;TERMINAL_TERRESTRE;9C;-2,143891667;-79,88278056;Monopolo;Terreno;Guayas;GUAYAQUIL;GUAYAS;OPERATIVO
S090224;Sur;TERMINAL_TERRESTRE_II;9C;-2,143072222;-79,87939167;Monopolo;Terreno;Guayas;GUAYAQUIL;GUAYAS;OPERATIVO
N170884;Norte;TERMINAL_TERRESTRE_NORTE_UIO;9F;-0,098336111;-78,47091944;Soportes;Terraza;Pichincha;QUITO;PICHINCHA;OPERATIVO
N170372;Norte;THOMAS_DE_BERLANGA;8K;-0,165022222;-78,48085;Mástiles;Terraza;Pichincha;QUITO;PICHINCHA;OPERATIVO
N170373;Norte;THOMAS_MORO;9F;-0,144341667;-78,46966111;Mástiles;Terraza;Pichincha;QUITO;PICHINCHA;OPERATIVO
N210016;Norte;TIPISHCA;9A;0,155011111;-76,21955833;Torre Autosoportada;Terreno;Sucumbios;PALMA ROJA;GORE;OPERATIVO
S060049;Sur;TIXAN;9C;-2,139891667;-78,81972222;Torre Autosoportada;Terreno;Chimborazo;TIXAN;CUENCA;OPERATIVO
N160009;Norte;TNTE_HUGO_ORTIZ;9A;-1,375691667;-77,95646111;Torre Autosoportada;Terreno;Pastaza;TENIENTE HUGO ORTIZ;GTENA;OPERATIVO
N050043;Norte;TOACAZO;9F;-0,756394444;-78,68553056;Mástiles;Terraza;Cotopaxi;TOACASO;GAMB;OPERATIVO
N230026;Norte;TOACHI;9A;-0,266608333;-79,07744167;Torre Autosoportada;Terreno;Santo Domingo;ALLURIQUIN;GSTD;OPERATIVO
N170374;Norte;TOCTIUCO;9C;-0,209391667;-78,51830833;Torre Autosoportada;Terreno;Pichincha;QUITO;PICHINCHA;OPERATIVO
N080037;Norte;TONCHIGUE;9C;0,824733333;-79,94889722;Torre Tensada;Terreno;Esmeraldas;TONCHIGUE;GESM;OPERATIVO
N080038;Norte;TONSUPA;9A;0,875294444;-79,81024444;Torre Autosoportada;Terreno;Esmeraldas;TONSUPA;GESM;OPERATIVO
S130087;Sur;TOSAGUA;8F;-0,790288889;-80,23930833;Torre Autosoportada;Terreno;Manabí;TOSAGUA;GCHONE;OPERATIVO
S010054;Sur;TOTORACOCHA;9F;-2,890852778;-78,98064167;Mástiles;Terraza;Azuay;CUENCA;CUENCA;OPERATIVO
S010133;Sur;TOTORACOCHA_2;9F;-2,8935;-78,98639444;Soportes;Terraza;Azuay;CUENCA;CUENCA;OPERATIVO
N150015;Norte;TRES_CRUCES;8C;-0,272825;-77,76446944;Torre Autosoportada;Terreno;Napo;SANTA ROSA;GTENA;OPERATIVO
S010164;Sur;TRES_PUENTES_CUENCA;9F;-2,915833333;-79,01211111;Soportes;Terraza;Azuay;CUENCA;CUENCA;OPERATIVO
N170375;Norte;TRIBUNA_SHYRIS_UIO;9F;-0,182508333;-78,48166944;Mástiles;Terraza;Pichincha;QUITO;PICHINCHA;OPERATIVO
N170376;Norte;TRIBUNAL_CONSTITUCIONAL;9F;-0,211686111;-78,49553056;Mástiles;Terraza;Pichincha;QUITO;PICHINCHA;DESINSTALADO
S090225;Sur;TRINITARIA;9C;-2,237780556;-79,92583333;Monopolo;Terreno;Guayas;GUAYAQUIL;GUAYAS;OPERATIVO
S0902328;Sur;TRINITARIA_SUR;9E;;;;;GUAYAS;GUAYAQUIL;GUAYAS;NUEVO
N040019;Norte;TROYA;8C;0,744444444;-77,69694444;;;Carchi;TULCÁN;GIBA;OPERATIVO
N170377;Norte;TUFINO;9F;-0,129558333;-78,48289167;Mástiles;Terraza;Pichincha;QUITO;PICHINCHA;OPERATIVO
N040013;Norte;TULCAN;8F;0,807244444;-77,72279444;Torre Autosoportada;Terreno;Carchi;TULCAN;GIBA;OPERATIVO
N040014;Norte;TULCAN_CENTRO;9C;0,815267;-77,714542;Monopolo;Suelo;Carchi;TULCAN;GIBA;OPERATIVO
N040015;Norte;TULCAN_NORTE;9C;0,825569444;-77,71111111;Monopolo;Terreno;Carchi;TULCAN;GIBA;OPERATIVO
N170378;Norte;TULIPANES;9F;-0,120169444;-78,50100278;Mástiles;Terraza;Pichincha;QUITO;PICHINCHA;OPERATIVO
N170379;Norte;TUMBACO;8F;-0,207;-78,39991667;Torre Autosoportada;Terreno;Pichincha;QUITO;PICHINCHA;OPERATIVO
N170380;Norte;TUMBACO_CENTRO;8K;-0,21498;-78,403224;Torre Autosoportada;Suelo;Pichincha;QUITO;PICHINCHA;OPERATIVO
NTEMP034;Norte;TUMBACO_PUENTECHICHE_A_3;9C;;;;;;;PICHINCHA;NUEVO
S2243;Norte;TUNEL_GUAYASAMIN_ESTE;9C;;;;;Pichincha;QUITO;PICHINCHA;OPERATIVO
N170955;Norte;TUNEL_GUAYASAMIN_OESTE;9C;;;;;Pichincha;QUITO;PICHINCHA;OPERATIVO
S0900730;Sur;TUNEL_SAN_EDUARDO;9F;-2,178527778;-79,92727778;Soportes;Terraza;Guayas;GUAYAQUIL;GUAYAS;OPERATIVO
N100020;Norte;TUPIGACHI;9E;0,161397222;-78,19839167;Torre Autosoportada;Terreno;Imbabura;GONZALEZ SUAREZ;GIBA;DESINSTALADO
N170381;Norte;TURUBAMBA;8F;-0,279002778;-78,54916944;Torre Autosoportada;Terreno;Pichincha;QUITO;PICHINCHA;OPERATIVO
N1701701;Norte;TURUBAMBA_BAJO;9C;-0,280286111;-78,54111944;Torre Autosoportada;Terreno;Pichincha;QUITO;PICHINCHA;OPERATIVO
N1701322;Norte;U_CATO_UIO;9F;-0,208869444;-78,49193056;Soportes;Terraza;Pichincha;QUITO;PICHINCHA;OPERATIVO
S0900708;Sur;UCATO_FACULTAD_ECONOMIA_GYE;9F;-2,181583333;-79,90541667;Soportes;Terraza;Guayas;GUAYAQUIL;GUAYAS;OPERATIVO
N0600065;Norte;UCH_SULTANA_DE_LOS_ANDES;9C;-1,64958;-78,6653;;;Chimborazo;RIOBAMBA;GRBA;OPERATIVO
N170383;Norte;UGSHA;9C;0,070569444;-78,20223333;Torre Autosoportada;Terreno;Pichincha;TABACUNDO;GIBA;OPERATIVO
N170384;Norte;ULLOA;8K;-0,186919444;-78,49391944;Mástiles;Terraza;Pichincha;QUITO;PICHINCHA;OPERATIVO
S130088;Sur;UMINA;9E;-0,944838889;-80,73741111;Torre Autosoportada;Terreno;Manabí;MANTA;GMANTA;OPERATIVO
N060035;Norte;UNACH;9C;-1,651669444;-78,64168056;Torre Autosoportada;Terreno;Chimborazo;RIOBAMBA;GRBA;OPERATIVO
S010055;Sur;UNCOVIA;9C;-2,863391667;-78,98730833;Monopolo;Terreno;Azuay;CUENCA;CUENCA;OPERATIVO
N1701088;Norte;UNION_POPULAR_UIO;9F;-0,28325;-78,53669444;Soportes;Terraza;Pichincha;QUITO;PICHINCHA;OPERATIVO
S010056;Sur;UNION_ALTA;9E;-2,914419444;-79,05601944;Torre Autosoportada;Terreno;Azuay;CUENCA;CUENCA;OPERATIVO
S120035;Sur;UNION_DE_LOS_RIOS;9C;-1,713919444;-79,39556111;Torre Autosoportada;Terreno;Los Ríos;LA UNION;GBABAHOYO;OPERATIVO
N180049;Norte;UNIVERSIDAD_CATOLICA_AMBATO;9C;-1,275294444;-78,63480833;Torre Autosoportada;Terreno;Tungurahua;AMBATO;GRBA;OPERATIVO
S090575;Sur;UNIVERSIDAD_CATOLICA_GYE;9C;-2,182222222;-79,90328056;Torre Autosoportada;Terreno;Guayas;GUAYAQUIL;GUAYAS;OPERATIVO
N170385;Norte;UNIVERSIDAD_CENTRAL;8K;-0,203069444;-78,50306944;Torre Tensada;Terreno;Pichincha;QUITO;PICHINCHA;OPERATIVO
N1701168;Norte;UNIVERSIDAD_ISRAEL_UIO;9F;-0,198277778;-78,49294444;Soportes;Terraza;Pichincha;QUITO;PICHINCHA;OPERATIVO
N180050;Norte;UNIVERSIDAD_TECNICA_AMBATO;9C;-1,268894444;-78,62691944;Torre Autosoportada;Terreno;Tungurahua;AMBATO;GRBA;OPERATIVO
S010131;Sur;UNIVERSIDAD_DEL_AZUAY;9F;-2,919194444;-79,00175;Soportes;Terraza;Azuay;CUENCA;CUENCA;OPERATIVO
S110037;Sur;UNIVERSIDAD_LOJA;9C;-4,034555556;-79,20488889;Torreta;Terraza;Loja;LOJA;GLOJA;OPERATIVO
N170386;Norte;UNIVERSO_UIO;8K;-0,171666667;-78,47889444;Mástiles;Terraza;Pichincha;QUITO;PICHINCHA;OPERATIVO
N170387;Norte;UNP;8K;-0,176669444;-78,48728056;Mástiles;Terraza;Pichincha;QUITO;PICHINCHA;OPERATIVO
N1701216;Norte;URABA_UIO;9F;-0,090972222;-78,45527778;Mástiles;Terraza;Pichincha;QUITO;PICHINCHA;OPERATIVO
S090697;Sur;URB_SAN_FELIPE_GYE;9C;-2,134694444;-79,92896111;Torre;Terreno;Guayas;GUAYAQUIL;GUAYAS;OPERATIVO
N170388;Norte;URB_SANTIAGO;9F;-0,255891667;-78,53611111;Mástiles;Terraza;Pichincha;QUITO;PICHINCHA;OPERATIVO
S110021;Sur;URB_EGUIGUREN_LOJA;9C;-3,982797222;-79,21004722;Torreta;Terreno;Loja;LOJA;GLOJA;OPERATIVO
S0900747;Sur;URB_FORTALEZA;9C;-2,12442;-79,9469;;;Guayas;GUAYAQUIL;GUAYAS;OPERATIVO
S0902202;Sur;URB_MALAGA;#N/D;;;;;;;GUAYAS;NUEVO
N170389;Norte;URBANIZACION_EL_CONDADO;9F;-0,102030556;-78,50445;Mástiles;Terraza;Pichincha;QUITO;PICHINCHA;OPERATIVO
N170390;Norte;URBANIZACION_SANTA_LUCIA;9F;-0,126136111;-78,47889444;Mástiles;Terraza;Pichincha;QUITO;PICHINCHA;OPERATIVO
N100021;Norte;URCUQUI;9A;0,426111111;-78,18335;Mástiles;Terraza;Imbabura;URCUQUI;GIBA;OPERATIVO
S090227;Sur;URDANETA;9B;-2,201944444;-79,91278056;Monopolo;Terreno;Guayas;GUAYAQUIL;GUAYAS;OPERATIVO
S090461;Sur;URDANETA_NORTE;9F;-2,196055556;-79,91327778;Soportes;Terraza;Guayas;GUAYAQUIL;GUAYAS;OPERATIVO
S110022;Sur;URDANETA_LOJA;9C;-3,588280556;-79,20353056;Torre Autosoportada;Terreno;Loja;Urdaneta;GLOJA;OPERATIVO
S090228;Sur;URDENOR;9B;-2,154169444;-79,9075;Torreta;Terreno;Guayas;GUAYAQUIL;GUAYAS;OPERATIVO
S090229;Sur;URDENOR_PRIMERA_ETAPA_SUR;9C;-2,146686111;-79,90555833;Torre Autosoportada;Terreno;Guayas;GUAYAQUIL;GUAYAS;OPERATIVO
S090230;Sur;URDESA;9C;-2,171669444;-79,90500278;Monopolo;Terreno;Guayas;GUAYAQUIL;GUAYAS;OPERATIVO
S090231;Sur;URDESA_CENTRAL;9B;-2,169444444;-79,91444444;Torre Autosoportada;Terreno;Guayas;GUAYAQUIL;GUAYAS;OPERATIVO
S090564;Sur;URDESA_CIRCUNVALACION_ESTE;9F;-2,174222222;-79,90738889;Soportes;Terraza;Guayas;GUAYAQUIL;GUAYAS;OPERATIVO
S090232;Sur;URDESA_NORTE;9F;-2,162836111;-79,90414167;Soportes;Terraza;Guayas;GUAYAQUIL;GUAYAS;OPERATIVO
N170391;Norte;USHIMANA;9C;-0,305919444;-78,43014167;Torre Autosoportada;Terreno;Pichincha;QUITO;PICHINCHA;OPERATIVO
N170392;Norte;UTE;8K;-0,185022222;-78,4928;Mástiles;Terraza;Pichincha;QUITO;PICHINCHA;OPERATIVO
N1702195;Norte;UYUMBICHO;9E;;;;;;;PICHINCHA;NUEVO
N1701149;Norte;VACA_DE_CASTRO_UIO;9F;-0,129222222;-78,50005556;Soportes;Terraza;Pichincha;QUITO;PICHINCHA;OPERATIVO
S120036;Sur;VALENCIA;9A;-0,955302778;-79,35529722;Torre Autosoportada;Terreno;Los Ríos;VALENCIA;GQUEVEDO;OPERATIVO
S090026;Sur;VALLE_DE_LA_VIRGEN;9C;-1,744669444;-80,19328056;Torre Autosoportada;Terreno;Guayas;VALLE DE LA VIRGEN;GUAYAS;OPERATIVO
N230027;Norte;VALLE_HERMOSO;9A;-0,102719444;-79,29189167;Torre Autosoportada;Terreno;Santo Domingo;VALLE HERMOSO;GSTD;OPERATIVO
S010099;Sur;VALSE_SALESIANOS;9F;-2,902802778;-78,99739167;Soportes;Terraza;Azuay;CUENCA;CUENCA;OPERATIVO
N170970;Norte;VANCOUVER_UIO;9F;-0,190569444;-78,49028889;Soportes;Terraza;Pichincha;QUITO;PICHINCHA;OPERATIVO
N170393;Norte;VASCO_DE_CONTRERAS;8K;-0,179730556;-78,494725;Soportes;Terraza;Pichincha;QUITO;PICHINCHA;OPERATIVO
N170394;Norte;VENCEDORES_PICHINCHA;9F;-0,281136111;-78,55389167;Mástiles;Terraza;Pichincha;QUITO;PICHINCHA;OPERATIVO
N1701454;Norte;VENEZUELA;9F;-0,220111111;-78,51097222;Soportes;Terraza;Pichincha;QUITO;PICHINCHA;OPERATIVO
S120037;Sur;VENTANAS;8C;-1,440566667;-79,45628333;Torre Autosoportada;Terreno;Los Ríos;VENTANAS;GBABAHOYO;OPERATIVO
DESINSTALADO;Sur;VENTANAS_TELCONET;#N/D;;;;;El Oro;BALSAS;GBABAHOYO;DESINSTALADO
N160016;Norte;VERACRUZ_PUYO;9C;-1,506777778;-77,95188889;Torre;Terreno;Pastaza;Puyo;GTENA;OPERATIVO
S0900756;Sur;VERGELES_NORTE_3G;9C;;;;;;;GUAYAS;NUEVO
N170395;Norte;VIA_A_LOS_BANCOS;AA;-0,023894444;-78,77251111;Torre Autosoportada;Terreno;Pichincha;MINDO;PICHINCHA;OPERATIVO
N170396;Norte;VIA_A_NANEGALITO;9A;0,0264;-78,65864167;Torre Autosoportada;Terreno;Pichincha;NONO;PICHINCHA;OPERATIVO
S070024;Sur;VIA_AL_CAMBIO;9C;-3,273141667;-79,94310833;Torre Tensada;Terreno;El Oro;MACHALA;GELORO;OPERATIVO
S070032;Sur;VIA_BALOSA;9A;-3,326952778;-79,95804444;Torre Autosoportada;Terreno;El Oro;MACHALA;GELORO;OPERATIVO
S090077;Sur;VIA_BUCAY;9A;-2,291558333;-79,21501111;Torre Autosoportada;Terreno;Guayas;EL TRIUNFO;GUAYAS;OPERATIVO
N170979;Norte;VIA_CUMBAYA_VENTURAMALL_B;9C;-0,206361111;-78,4346;Poste;Terreno;Pichincha;QUITO;PICHINCHA;OPERATIVO
N170980;Norte;VIA_CUMBAYA_VENTURAMALL_C;9C;-0,211075;-78,41469722;Poste;Terreno;Pichincha;QUITO;PICHINCHA;OPERATIVO
S090233;Sur;VIA_DURAN_BOLICHE;9A;-2,208891667;-79,72750278;Torre Tensada;Terreno;Guayas;Durán;GUAYAS;OPERATIVO
N1701465;Norte;VIA_ILALO;9C;-0,305555;-78,4693;;;Pichincha;QUITO;PICHINCHA;OPERATIVO
N170981;Norte;VIA_INCA_REDZAMBIZA_A;9C;-0,121419444;-78,44804167;Poste;Terreno;Pichincha;QUITO;PICHINCHA;OPERATIVO
N170982;Norte;VIA_INCA_REDZAMBIZA_B;9C;-0,147413889;-78,44713333;Poste;Terreno;Pichincha;QUITO;PICHINCHA;OPERATIVO
N170990;Norte;VIA_INCA_REDZAMBIZA_C;9C;-0,151738889;-78,45783056;Poste;Terreno;Pichincha;QUITO;PICHINCHA;OPERATIVO
S090078;Sur;VIA_MILAGRO;9C;-2,184030556;-79,61614444;Torre Autosoportada;Terreno;Guayas;MILAGRO;GUAYAS;OPERATIVO
N170983;Norte;VIA_PIFO_INTERALPACHACA;9C;-0,1923;-78,34024167;Poste;Terreno;Pichincha;QUITO;PICHINCHA;OPERATIVO
N170984;Norte;VIA_PIFO_INTERALPACHACA_B;9C;-0,154705556;-78,34963611;Poste;Terreno;Pichincha;QUITO;PICHINCHA;OPERATIVO
S090625;Sur;VIA_SALITRE;9C;-2,039916667;-79,85788889;Torre;Terreno;Guayas;GUAYAQUIL;GUAYAS;OPERATIVO
S090234;Sur;VIA_SAMBORONDON;9C;-2,111111111;-79,86944444;Monopolo;Terreno;Guayas;GUAYAQUIL;GUAYAS;OPERATIVO
S090235;Sur;VIA_SAMBORONDON_2;9C;-2,125739;-79,862214;Monopolo;Suelo;Guayas;GUAYAQUIL;GUAYAS;OPERATIVO
N2100052;Norte;VIA_TARAPOA_PUTUMAYO_2;9C;;;;;;;GORE;NUEVO
N170985;Norte;VIA_TUMBACO_PUENTECHICHE_A;9C;-0,214261111;-78,38953056;Poste;Terreno;Pichincha;QUITO;PICHINCHA;OPERATIVO
N170986;Norte;VIA_TUMBACO_PUENTECHICHE_B;9C;-0,210225;-78,36463889;Poste;Terreno;Pichincha;QUITO;PICHINCHA;OPERATIVO
S010057;Sur;VIA_A_BANOS_CUENCA;9C;-2,923669444;-79,04053056;Torreta y Mástiles;Terraza;Azuay;CUENCA;CUENCA;OPERATIVO
S120038;Sur;VIA_A_QUEVEDO;9C;-1,087280556;-79,54891111;Torre Autosoportada;Terreno;Los Ríos;MOCACHE;GQUEVEDO;OPERATIVO
S130089;Sur;VIA_CIRCUNVALACION_1;9F;-0,970847222;-80,73639722;Mástiles;Terraza;Manabí;MANTA;GMANTA;OPERATIVO
S130090;Sur;VIA_CIRCUNVALACION_2;9C;-0,989469444;-80,71264167;Monopolo;Terreno;Manabí;MANTA;GMANTA;OPERATIVO
S010058;Sur;VIA_CUMBE_ONA_1;9C;-3,278280556;-79,08751111;Torre Autosoportada;Terreno;Azuay;NABON;CUENCA;OPERATIVO
S010059;Sur;VIA_CUMBE_ONA_2;9C;-3,169391667;-79,03334444;Torre Autosoportada;Terreno;Azuay;CUMBE;CUENCA;OPERATIVO
S130091;Sur;VIA_PORTOVIEJO;9A;-1,084280556;-80,53430833;Torre Autosoportada;Terreno;Manabí;PORTOVIEJO;GPORTOV;OPERATIVO
S010101;Sur;VIA_RACAR;9C;-2,88;-79,02805556;Monopolo;Terreno;Azuay;CUENCA;CUENCA;OPERATIVO
S130092;Sur;VIA_SAN_MATEO;9C;-0,957225;-80,78083889;Torre Autosoportada;Terreno;Manabí;MANTA;GMANTA;OPERATIVO
N180051;Norte;VIADUCTO_AMBATO;9F;-1,244747222;-78,62805833;Mástiles;Terraza;Tungurahua;AMBATO;GAMB;OPERATIVO
N1701207;Norte;VICENTINA_UIO;9F;-0,213666667;-78,48475;Soportes;Terraza;Pichincha;QUITO;PICHINCHA;OPERATIVO
N080039;Norte;VICHE;9A;0,668325;-79,54176111;Torre Autosoportada;Terreno;Esmeraldas;MAJUA;GESM;OPERATIVO
S090236;Sur;VICTOR_EMI_ESTRADA;9C;-2,168846;-79,909848;Torre Autosoportada;Suelo;Guayas;GUAYAQUIL;GUAYAS;OPERATIVO
S1300217;Sur;VICTORIA_MARIA_;9C;;;;;;;GMANTA;NUEVO
S110043;Sur;VILCABAMBA;9C;-4,254588889;-79,230025;Torre Autosoportada;Terreno;Loja;Vilcabamba;GLOJA;OPERATIVO
S090637;Sur;VILLA_CLUB;9E;-2,041694444;-79,89175;Monopolo;Terreno;Guayas;GUAYAQUIL;GUAYAS;OPERATIVO
N060036;Norte;VILLA_MARIA;9F;-1,676669444;-78,64307222;Mástiles;Terraza;Chimborazo;RIOBAMBA;GRBA;OPERATIVO
S090079;Sur;VILLA_NUEVA;9A;-2,597244444;-79,60555833;Torre Autosoportada;Terreno;Guayas;SANTA ROSA DE FLANDES;GUAYAS;OPERATIVO
S0900749;Sur;VILLA_DEL_REY_DAULE;9C;-2,01961;-79,9174;;;Guayas;Guayaquil;GUAYAS;OPERATIVO
N170397;Norte;VILLAFLORA;8F;-0,245569444;-78,52105833;Mástiles;Terraza;Pichincha;QUITO;PICHINCHA;OPERATIVO
N170991;Norte;VILLALENGUA_UIO;9F;-0,173055556;-78,49358333;Soportes;Terraza;Pichincha;QUITO;PICHINCHA;OPERATIVO
S120039;Sur;VINCES;9A;-1,563491667;-79,76018611;Torre Autosoportada;Terreno;Los Ríos;VINCES;GBABAHOYO;OPERATIVO
S090404;Sur;VISTA_AL_PARQUE;9C;-2,078030556;-79,87417222;Monopolo;Terreno;Guayas;GUAYAQUIL;GUAYAS;OPERATIVO
S010173;Sur;VISTA_LINDA_CUENCA;9F;-2,921277778;-79,02252778;Soportes;Terraza;Azuay;CUENCA;CUENCA;OPERATIVO
N170398;Norte;VOZANDES;8K;-0,171411111;-78,49014167;Mástiles;Terraza;Pichincha;QUITO;PICHINCHA;OPERATIVO
N170721;Norte;VULCANO_PARK;9C;-0,192222222;-78,51655833;Monopolo;Terreno;Pichincha;QUITO;PICHINCHA;OPERATIVO
N1701328;Norte;WHIMPER_UIO;9F;-0,195611111;-78,48066667;Soportes;Terraza;Pichincha;QUITO;PICHINCHA;OPERATIVO
S090080;Sur;YAGUACHI;8F;-2,092672222;-79,69546111;Torre Autosoportada;Terreno;Guayas;SAN JACINTO DE YAGUACHI;GUAYAS;OPERATIVO
S090081;Sur;YAGUACHI_NORTE;9A;-1,992783333;-79,60863333;Torre Autosoportada;Terreno;Guayas;SAN JACINTO DE YAGUACHI;GUAYAS;OPERATIVO
N170399;Norte;YANBAL;9C;-0,105169444;-78,45555833;Torre Autosoportada;Terreno;Pichincha;QUITO;PICHINCHA;OPERATIVO
S190006;Sur;YANTZAZA;9C;-3,8391;-78,76348889;Torre Autosoportada;Terreno;Zamora Chinchipe;YANTZAZA;GLOJA;OPERATIVO
NTEMP001;Sur;YANTZAZA_TELCONET;10E;;;;;El Oro;BALSAS;GLOJA;OPERATIVO
S010060;Sur;YANUNCAY;9F;-2,916588889;-79,03306111;Mástiles;Terraza;Azuay;CUENCA;CUENCA;OPERATIVO
N170400;Norte;YARUQUI;8K;-0,165836111;-78,328075;Torre Autosoportada;Terreno;Pichincha;QUITO;PICHINCHA;OPERATIVO
N1701329;Norte;YARUQUI_CENTRO;9C;-0,157688889;-78,31763333;Monopolo;Terreno;Pichincha;QUITO;PICHINCHA;OPERATIVO
N1702339;Norte;YARUQUI_SUR_ESTE;9E;;;;;PICHINCHA;QUITO;PICHINCHA;NUEVO
S090082;Sur;YUME;8F;-1,606838889;-79,97561389;Torre Autosoportada;Terreno;Guayas;COLIMES;GUAYAS;OPERATIVO
S140017;Sur;YUNGANZA_MORONA_STG;9C;-2,878972222;-78,37986111;Torre;Terreno;Morona Santiago;YUNGANZA;CUENCA;OPERATIVO
S010061;Sur;YUNGUILLA;8F;-3,260455556;-79,25691944;Torre Autosoportada;Terreno;Azuay;Santa Isabel;CUENCA;OPERATIVO
N150016;Norte;YURALPA;9C;-1,002252778;-77,41789167;Torre Autosoportada;Terreno;Napo;CHONTAPUNTA;GTENA;OPERATIVO
N220038;Norte;YUTURI_N;9C;-0,529694444;-76,12880556;Torre;Terreno;Orellana;EL EDEN;GORE;OPERATIVO
N1702306;Norte;ZABALA_UIO;9E;;;;;PICHINCHA;QUITO;PICHINCHA;NUEVO
N170401;Norte;ZAMBIZA;8K;-0,149725;-78,43751944;Monopolo;Terreno;Pichincha;QUITO;PICHINCHA;OPERATIVO
S190012;Sur;ZAMORA;9A;-4,067666667;-78,93977778;Torre Autosoportada;Terreno;Zamora Chinchipe;ZAMORA;GLOJA;OPERATIVO
S190011;Sur;ZAMORA_CENTRO;9C;-4,067236111;-78,95445278;Torre Autosoportada;Terreno;Zamora Chinchipe;ZAMORA;GLOJA;OPERATIVO
STEMP002;Sur;ZAMORA_TELCONET;10E;;;;;El Oro;BALSAS;GLOJA;OPERATIVO
N080055;Norte;ZAPALLO;8C;;;;;El Oro;BALSAS;GESM;OPERATIVO
S130093;Sur;ZAPALLO_MANABI;9C;-0,447333333;-79,99244444;Torre;Terreno;Manabí;ZAPALLO;GCHONE;OPERATIVO
S240019;Sur;ZAPOTAL;8C;-2,352841667;-80,54396389;Torre Autosoportada;Terreno;Santa Elena;CHANDUY;GSTAELENA;OPERATIVO
S070033;Sur;ZARUMA;8F;-3,717255556;-79,65232778;Torre Autosoportada;Terreno;El Oro;PIÑAS;GELORO;OPERATIVO
S070034;Sur;ZARUMA_CENTRO;9C;-3,687508333;-79,61029444;Torre Autosoportada;Terreno;El Oro;ZARUMA;GELORO;OPERATIVO
S030026;Sur;ZHUD;9C;-2,461122222;-79,00584722;Torre Autosoportada;Terreno;Cañar;ZHUD;CUENCA;OPERATIVO
S030037;Sur;ZHUD_TELCONET;10E;-2,4595222;-79,00473;;;Loja;Catamayo;CUENCA;OPERATIVO
S070082;Sur;ZONA_BANCARIA_MACHALA;9F;-3,260833333;-79,959;Soportes;Terraza;El Oro;MACHALA;GELORO;OPERATIVO
N1701383;Norte;ZONA_FRANCA;9C;-0,156277778;-78,33697222;Monopolo;Terreno;Pichincha;QUITO;PICHINCHA;OPERATIVO
S130094;Sur;ZONA_IND_MANTA;9B;-1,014866667;-80,67958333;Torre Autosoportada;Terreno;Manabí;MANTA;GMANTA;OPERATIVO
S190007;Sur;ZUMBA;9C;-4,871111111;-79,17072222;Torre Autosoportada;Terreno;Zamora Chinchipe;ZUMBA;GLOJA;OPERATIVO
N050044;Norte;ZUMBAHUA;9C;-0,958888889;-78,88286111;Monopolo;Terreno;Cotopaxi;ZUMBAHUA;GAMB;OPERATIVO
N1702345;Norte;MOVIL_RIELES_MANGAHUANTAG_3G/4G;#N/D;;;Torre;;Pichincha;QUITO;PICHINCHA;NUEVO
;;STOCK_DE_RHELEC_NORTE;;;;;;;;PICHINCHA;
;;STOCK_DE_RHELEC_UIO;;;;;;;;PICHINCHA;
;;ARCA_TONI;;;;;;;;GUAYAS;
;;QUITO;;;;;;;;PICHINCHA;
;;GUAYAQUIL;;;;;;;;GUAYAS;
;;CERRO_DE_HOJA;;;;;;;;GCHONE;
;;CHIMBORAZO;;;;;;;;GRBA;
;;CUENCA;;;;;;;;CUENCA;
;;ENGABAO;;;;;;;;GUAYAS;
;;GALAPAGOS;;;;;;;;GALAPAGOS;
;;DEVOLUCION_A_ZTE;;;;;;;;DEVOLUCIONES;
;;DEVUELTO_A_AMERINODE;;;;;;;;DEVOLUCIONES;
;;DEVUELTO_A_FLEX.NET_;;;;;;;;DEVOLUCIONES;
;;DEVUELTO_A_ZTE;;;;;;;;DEVOLUCIONES;
;;DEVUELTOS_A_NOKIA;;;;;;;;DEVOLUCIONES;
;;ENTREGADO_A_WALTER_PARRA;;;;;;;;DEVOLUCIONES;
;;ENTREGADO_AMERINODE;;;;;;;;DEVOLUCIONES;
;;ENVIADO_A_QUITO_PARA_DEVOLVER_EN_FLEX_NET;;;;;;;;DEVOLUCIONES;
;;ENVIADO_POR_CARLOS_ORTEGA_A_AMBATO;;;;;;;;DEVOLUCIONES;
;;FLE.NET_GYE;;;;;;;;DEVOLUCIONES;
;;FLEXNET;;;;;;;;DEVOLUCIONES;
;;IMETEL;;;;;;;;DEVOLUCIONES;
;;LAGO_AGRIO;;;;;;;;DEVOLUCIONES;
;;KIT_CONTINGENCIA_CARNAVAL;;;;;;;;DEVOLUCIONES;
;;KIT_DE_EMERGENCIA_PORTOVIEJO;;;;;;;;DEVOLUCIONES;
;;KIT_FERIADO_ESMERALDAS;;;;;;;;DEVOLUCIONES;
;;MIGUEL_VILLACIS;;;;;;;;DEVOLUCIONES;
;;PROBADA_EN_BODEGA_RHELEC_Y_NO_FUNCIONA;;;;;;;;DEVOLUCIONES;
;;REVISADA_EN_ZTE;;;;;;;;DEVOLUCIONES;
;;RHELEC_LABORATORIO;;;;;;;;DEVOLUCIONES;
;;STOCK;;;;;;;;DEVOLUCIONES;
;;TELEFONICA;;;;;;;;DEVOLUCIONES;
;;THE_POINT;;;;;;;;DEVOLUCIONES;
;;THE_POINT_;;;;;;;;DEVOLUCIONES;
;;ZTE;;;;;;;;DEVOLUCIONES;
